aer_ai_mean,aer_ai_valid_frac,co_mean,co_valid_frac,no2_mean,no2_valid_frac,period_start,precip_mm,city
-0.4869426065273424,1,0.032904448171194936,1.0,7.950483599934514e-05,1.0,2019-01-01,0.01007007590705714,Cairo
-0.46462887260605135,1,0.03349340645950289,1.0,0.00013979807946559175,1.0,2019-01-08,0.03611523661730149,Cairo
-0.22186601734762704,1,0.03236218156322113,1.0,0.0001235018220205122,1.0,2019-01-15,1.7952272107473335,Cairo
-0.4841383649496269,1,0.033595361128527824,1.0,0.00010717284682787033,1.0,2019-01-22,0.9718838545606041,Cairo
-0.396936992354709,1,0.03307123529803987,1.0,0.00013288079073958266,1.0,2019-01-29,0.19051772826658878,Cairo
-0.46202026577183647,1,0.03436604797073209,1.0,8.847746055920967e-05,1.0,2019-02-05,1.967986557914143,Cairo
-0.713254258453952,1,0.0345407545220181,1.0,0.0001222945201421112,1.0,2019-02-12,0.7911813567096561,Cairo
-0.5131011181057423,1,0.03491844513473381,1.0,0.0001474797237490948,1.0,2019-02-19,0.8773858067092583,Cairo
-0.539690869902831,1,0.03349149473104503,0.9965397923875432,6.269208593781394e-05,1.0,2019-02-26,0.05979007271050562,Cairo
-0.8020252458911556,1,0.035179541844062974,1.0,0.00010766566043871621,1.0,2019-03-05,0.8946199720574278,Cairo
-0.5270369771220532,1,0.03463697383194476,1.0,8.934170657693381e-05,1.0,2019-03-12,1.201487421398803,Cairo
-0.3891204250319788,1,0.033871001396696625,1.0,8.0155427481142e-05,1.0,2019-03-19,1.654096963265972,Cairo
-0.5090920114864903,1,0.03497737972841344,1.0,8.060976222819384e-05,1.0,2019-03-26,0.4512182455669183,Cairo
-0.5405309373025909,1,0.037716374463192016,1.0,9.909068137804684e-05,1.0,2019-04-02,0.25437505584708475,Cairo
-0.200375367336231,1,0.03876688268811535,1.0,8.741186684026009e-05,1.0,2019-04-09,0.46222771763928744,Cairo
-0.6142728731358565,1,0.03947052887616541,1.0,6.855995202128168e-05,1.0,2019-04-16,0.10401527583751422,Cairo
0.6778454490898269,1,0.03722630489120783,1.0,7.512421771273813e-05,1.0,2019-04-23,0.056347560819195515,Cairo
0.37007337001818086,1,0.0357773162824725,1.0,8.35287899468768e-05,1.0,2019-04-30,0.5730669366139388,Cairo
-0.291031796619401,1,0.03615878680250328,1.0,0.00010153607982590359,1.0,2019-05-07,0.017391872887766342,Cairo
0.15524537536748279,1,0.034157652419472384,1.0,9.063362063006943e-05,1.0,2019-05-14,0.0,Cairo
0.34775859949109467,1,0.03345284627207574,1.0,7.277877042560114e-05,1.0,2019-05-21,0.17799992020306787,Cairo
0.18232618423523664,1,0.03302529026762082,1.0,6.674081094083784e-05,1.0,2019-05-28,0.011023457016428467,Cairo
-0.12409146163181727,1,0.031883815159358016,1.0,5.709053109900091e-05,1.0,2019-06-04,0.1168436648568461,Cairo
-0.5195890490384747,1,0.032905052194700295,1.0,6.548458026620539e-05,1.0,2019-06-11,1.3230504705482773e-05,Cairo
-0.3037895637308594,1,0.03405730600814079,1.0,7.003109705399447e-05,1.0,2019-06-18,0.0,Cairo
-0.4304918407614175,1,0.03262292770848233,1.0,7.394580857878311e-05,1.0,2019-06-25,0.0,Cairo
-0.39739863400824876,1,0.03198345587208637,1.0,7.551896256519215e-05,1.0,2019-07-02,0.0,Cairo
-0.31214835645662053,1,0.03227501304809585,1.0,7.329352631538173e-05,1.0,2019-07-09,0.0,Cairo
-0.023347605909950747,1,0.03219504294873493,1.0,6.443407977173926e-05,1.0,2019-07-16,0.0,Cairo
-0.5333692542704213,1,0.0329956224460654,1.0,7.438112165393996e-05,1.0,2019-07-23,0.0,Cairo
-0.5531725772092743,1,0.03346866908250044,1.0,7.21723752793961e-05,1.0,2019-07-30,0.0,Cairo
-0.5517221587473592,1,0.033608581885725256,1.0,6.61790164028842e-05,1.0,2019-08-06,0.0,Cairo
-0.5320638072459485,1,0.033119296277319944,1.0,5.8983372712628976e-05,1.0,2019-08-13,0.0,Cairo
-0.6688549737972217,1,0.033011964850325724,1.0,6.949034950876995e-05,1.0,2019-08-20,0.0,Cairo
-0.6255558058025428,1,0.03321449591397574,1.0,7.171072637884752e-05,1.0,2019-08-27,0.0,Cairo
-0.6290347183604704,1,0.032487572373045566,1.0,7.361609120516535e-05,1.0,2019-09-03,0.0,Cairo
-0.88359694752235,1,0.03219711236772556,1.0,6.537873961034638e-05,1.0,2019-09-10,0.0,Cairo
-0.6439878864132995,1,0.031770698177548684,1.0,6.410807746596621e-05,1.0,2019-09-17,0.0,Cairo
-0.5905994255082979,1,0.03203410860304594,1.0,8.021153477401323e-05,1.0,2019-09-24,0.0,Cairo
-0.6310983713846844,1,0.033400216317979986,1.0,0.00010027166156376265,1.0,2019-10-01,0.0,Cairo
-0.5378384004545652,1,0.030193879910053786,1.0,7.608743273742665e-05,1.0,2019-10-08,0.006099615295375664,Cairo
-0.6064656354831783,1,0.03093667040355864,1.0,9.060785311977066e-05,1.0,2019-10-15,0.0,Cairo
-1.1144337770297712,1,0.02992714067653361,1.0,7.450720774021659e-05,1.0,2019-10-22,0.06525796052754443,Cairo
-0.7851836714959547,1,0.030353605046650568,1.0,0.00011818606355292214,1.0,2019-10-29,0.0,Cairo
-0.892508749462376,1,0.031353688236086086,1.0,8.76789453763795e-05,1.0,2019-11-05,0.6414253981845338,Cairo
-0.8032614362388558,1,0.030398731374269093,1.0,0.0001105529172618216,1.0,2019-11-12,0.9144182310231747,Cairo
-0.7410202215669147,1,0.03137467455966438,1.0,0.0001378374690734783,1.0,2019-11-19,0.1197570530076979,Cairo
-0.8450779011907167,1,0.030728587246554785,1.0,9.534438233957492e-05,1.0,2019-11-26,0.04815696733079598,Cairo
-0.9507587166908349,1,0.03135139128981359,1.0,0.00010552080068039418,1.0,2019-12-03,0.0,Cairo
-0.7414965042857112,1,0.0310504846262099,1.0,7.119723695365584e-05,1.0,2019-12-10,0.003816433192854967,Cairo
-0.9797406565274904,1,0.032717179529670806,1.0,0.00011981284586824688,1.0,2019-12-17,1.3835588089209478,Cairo
-0.8549667648815599,1,0.032343986178682706,1.0,5.101386544585416e-05,1.0,2019-12-24,1.3375332810170164,Cairo
-1.0570289381702629,1,0.03444794812520114,1.0,8.237115230108833e-05,1.0,2019-12-31,1.3224674715499052,Cairo
-0.9969124725951948,1,0.03566947670364656,1.0,9.516183746005992e-05,1.0,2020-01-07,0.1705067321132389,Cairo
-0.9652039057918074,1,0.03358661366534093,1.0,7.353796971368543e-05,1.0,2020-01-14,0.033608829357070255,Cairo
-1.1543857383825284,1,0.03453043076026265,1.0,9.892832432938414e-05,1.0,2020-01-21,0.0,Cairo
-1.0454805848561077,1,0.03437535613110399,1.0,0.00011828870224040416,1.0,2020-01-28,2.407285554513271,Cairo
-0.8808425423564794,1,0.03381659177094534,1.0,6.51204796355841e-05,1.0,2020-02-04,0.0,Cairo
-1.1904010537203173,1,0.03407418588729777,1.0,0.00011052019676720677,1.0,2020-02-11,2.759831574459302,Cairo
-1.173196502508067,1,0.033523715989094774,1.0,6.666511805302153e-05,0.9411764705882353,2020-02-18,0.43929076267820133,Cairo
-1.1016578997811817,1,0.03466728097943148,1.0,0.00011415830438529033,1.0,2020-02-25,0.049143414776162284,Cairo
-0.6198442858689802,1,0.032996639898866635,1.0,0.00011936600988073681,1.0,2020-03-03,0.3092124257417238,Cairo
-0.981316181286792,1,0.0333979649948824,1.0,7.70004576792199e-05,1.0,2020-03-10,11.682488886742243,Cairo
-0.7104414243186886,1,0.03608489599838825,1.0,8.605472606483486e-05,1.0,2020-03-17,0.8981044751306987,Cairo
-0.10055062699156381,1,0.0370225048765382,1.0,8.416636230432405e-05,1.0,2020-03-24,0.04178308457458964,Cairo
-0.3253743157768212,1,0.0361152804280362,1.0,7.082501874787885e-05,1.0,2020-03-31,0.03124400716582449,Cairo
-0.983930338205111,1,0.0386801130334679,1.0,7.835687155872853e-05,1.0,2020-04-07,0.0,Cairo
-0.5986515280994922,1,0.03915733559193173,1.0,7.919559763938284e-05,1.0,2020-04-14,0.00648167939852991,Cairo
-0.41812735962976216,1,0.038278165688699683,1.0,9.388290416729103e-05,1.0,2020-04-21,0.019568448352445287,Cairo
-0.4513397873933861,1,0.03856933962520884,1.0,8.615024939700541e-05,1.0,2020-04-28,0.0,Cairo
-0.49785716149931963,1,0.03657639203843254,1.0,8.457492416329561e-05,1.0,2020-05-05,0.0,Cairo
-0.5726804858745526,1,0.0347237272041669,1.0,9.011432087287785e-05,1.0,2020-05-12,0.320466750132498,Cairo
-0.19479384703915198,1,0.035683588318846084,1.0,7.998053346125833e-05,1.0,2020-05-19,0.5090029850418645,Cairo
-0.4076846490623125,1,0.03406862937172564,1.0,6.751483974781908e-05,1.0,2020-05-26,0.004623040578935611,Cairo
-0.21587671466526706,1,0.032970373376390985,1.0,8.526305951991649e-05,1.0,2020-06-02,0.054326816737209425,Cairo
-0.27141605230885746,1,0.03215814997556586,1.0,7.243822561725039e-05,1.0,2020-06-09,3.702123821676663e-05,Cairo
0.0056425524379771054,1,0.03213368650919022,1.0,7.505976052833755e-05,1.0,2020-06-16,0.0,Cairo
-0.6049198499215631,1,0.03300278760587934,1.0,7.285717560653362e-05,1.0,2020-06-23,0.0,Cairo
-0.6735704420286657,1,0.03322623397571998,1.0,7.889091496623927e-05,1.0,2020-06-30,0.0,Cairo
-0.9267304832589665,1,0.033155078629345414,1.0,6.807292258435091e-05,1.0,2020-07-07,0.0,Cairo
-0.7400193645049885,1,0.0319691091410775,1.0,6.664187701293398e-05,1.0,2020-07-14,5.723915318374286e-05,Cairo
-0.8512627588816319,1,0.032230314444414807,1.0,6.177305556431189e-05,1.0,2020-07-21,0.0,Cairo
-0.6068237937119467,1,0.03194697387038568,1.0,5.289030792455021e-05,1.0,2020-07-28,0.0,Cairo
-0.6072826904089685,1,0.03205092788319656,1.0,6.346624425864144e-05,1.0,2020-08-04,0.0,Cairo
-0.9164430719629788,1,0.03348612997162357,1.0,7.034606727467194e-05,1.0,2020-08-11,0.0,Cairo
-0.803075609395388,1,0.03332078222425711,1.0,7.010790450108689e-05,1.0,2020-08-18,0.0,Cairo
-0.8973417661998977,1,0.03318933825901977,1.0,7.208416120938571e-05,1.0,2020-08-25,0.0,Cairo
-0.7412559559960827,1,0.032244507898266106,1.0,7.246285699704838e-05,1.0,2020-09-01,0.0,Cairo
-0.8534375968317406,1,0.030916362936222328,1.0,6.866810259361049e-05,1.0,2020-09-08,0.0,Cairo
-0.6346723821716044,1,0.03137307142648202,1.0,5.90333136770243e-05,1.0,2020-09-15,0.015005271575484574,Cairo
-0.7151973938426294,1,0.03180912326320048,1.0,6.748940142520132e-05,1.0,2020-09-22,0.0,Cairo
-0.7396113269504921,1,0.03294015223776784,1.0,7.056858406273464e-05,1.0,2020-09-29,0.0,Cairo
-0.8195082083337297,1,0.03239175579767864,1.0,7.949123299022611e-05,1.0,2020-10-06,0.0015588702029062662,Cairo
-0.8191455055531655,1,0.03031968746553373,1.0,7.176990625287434e-05,1.0,2020-10-13,0.0,Cairo
-0.9037518479867666,1,0.031974000063683373,1.0,7.996091881376316e-05,1.0,2020-10-20,0.018568274607797863,Cairo
-0.8787119354047096,1,0.031820464694500804,1.0,6.804973622993545e-05,1.0,2020-10-27,1.4597510713973916,Cairo
-1.273151153809858,1,0.031274541955710215,1.0,6.727453596651875e-05,0.9965397923875432,2020-11-03,0.11912586119340027,Cairo
-1.180573818087294,1,0.03381369715081175,1.0,8.570326998619695e-05,1.0,2020-11-10,0.020939546504089863,Cairo
-1.123819986857681,1,0.03283550731589547,1.0,0.00011082371995907363,1.0,2020-11-17,2.6167606735749387,Cairo
-1.2906340912070802,1,0.03474926874466914,1.0,0.0001467168285128073,1.0,2020-11-24,4.065481162483897,Cairo
-0.7882271186409405,1,0.033652599446787806,1.0,0.00018277133557861123,1.0,2020-12-01,0.11642635536705814,Cairo
-0.7002912039120406,1,0.034786470884941814,1.0,0.0001548856109175889,1.0,2020-12-08,0.07074636385357314,Cairo
-1.3348721151346508,1,0.03387677918671239,1.0,0.00011702047529486796,1.0,2020-12-15,0.2770050358816075,Cairo
-1.3593394802568182,1,0.033496975521933654,1.0,0.00017576581158807353,1.0,2020-12-22,0.12541436194210667,Cairo
-1.242145199649744,1,0.03359964520212053,1.0,0.0001702051270602608,1.0,2020-12-29,0.17185167200608983,Cairo
-1.1677347262868394,1,0.03394273790932413,1.0,0.00016573926632111575,1.0,2021-01-05,0.026541100423814926,Cairo
-1.3482699051466709,1,0.03480205720908466,1.0,8.110387497963307e-05,1.0,2021-01-12,1.8280220400575684,Cairo
-1.243066066154914,1,0.03583153924289276,1.0,0.00013759923871123198,1.0,2021-01-19,0.06732695635101164,Cairo
-1.239031777280848,1,0.03312332267470411,1.0,0.00012389615209313281,1.0,2021-01-26,0.11697557626882395,Cairo
-1.3809131467219005,1,0.03343240820783682,1.0,0.00018554913635067844,1.0,2021-02-02,4.024131247002349,Cairo
-1.1454734300440603,1,0.03456356021542335,1.0,0.00018098622232234378,1.0,2021-02-09,0.6881227438332972,Cairo
-1.2433621336350726,1,0.035554164601868235,1.0,0.00014121105686145036,0.9965397923875432,2021-02-16,0.0,Cairo
-1.3571891034725279,1,0.03426118382810201,1.0,0.00012320160226672618,1.0,2021-02-23,1.0202142210137954,Cairo
-1.2413474700788827,1,0.03467812423372551,1.0,0.00011119572243385632,1.0,2021-03-02,3.448502025165076,Cairo
-0.2292815397492823,1,0.03781844413744628,1.0,0.00010279573683796294,1.0,2021-03-09,2.5813568401096547,Cairo
-0.5154432567606524,1,0.0390205348389996,1.0,0.00012136214617594316,1.0,2021-03-16,2.848010003421383,Cairo
-0.9419209475565764,1,0.03749508942416171,1.0,8.00860652639012e-05,1.0,2021-03-23,0.4331373043319155,Cairo
-0.957202395126211,1,0.03836537778891979,1.0,0.0001151387334710505,1.0,2021-03-30,0.0,Cairo
-0.749103627925627,1,0.037900463933527646,1.0,0.00011450365210839923,1.0,2021-04-06,0.05861145647917193,Cairo
-0.6142688888756911,1,0.035653236225498396,1.0,9.373668969883522e-05,1.0,2021-04-13,0.26921801346815355,Cairo
-0.6474842820106127,1,0.03551297781520597,1.0,7.958339405796752e-05,1.0,2021-04-20,0.10148664620541069,Cairo
-0.3820412160281552,1,0.03538961425241088,1.0,7.352298973691381e-05,1.0,2021-04-27,0.005001008122179654,Cairo
-0.10028826023761579,1,0.035507509500911645,1.0,9.702254769817202e-05,1.0,2021-05-04,0.1795154796949871,Cairo
-0.8355577947823964,1,0.03391263331789017,1.0,5.891592257030646e-05,1.0,2021-05-11,0.0,Cairo
-0.7689339377226736,1,0.03244045074935779,1.0,6.970070559647482e-05,1.0,2021-05-18,0.0,Cairo
-0.4345734131922672,1,0.032352872820439166,1.0,8.08148871139246e-05,1.0,2021-05-25,0.0,Cairo
-0.784408265851918,1,0.03320089770291693,1.0,7.577484401168142e-05,1.0,2021-06-01,0.0,Cairo
-0.4324235318545164,1,0.032450482409033886,1.0,7.643159724926842e-05,1.0,2021-06-08,0.0,Cairo
-0.7660706710282025,1,0.03274081523598219,1.0,8.277792072284242e-05,1.0,2021-06-15,0.0,Cairo
-0.9790557167471146,1,0.03220914136886679,1.0,8.03600577193367e-05,1.0,2021-06-22,0.0,Cairo
0.1489963405664163,1,0.03227264798805594,1.0,8.090529859847297e-05,1.0,2021-06-29,0.0,Cairo
0.547632399241089,1,0.03298634478192409,1.0,8.990808499300716e-05,1.0,2021-07-06,0.0,Cairo
0.6247255665953733,1,0.034228935189966385,1.0,8.109356558876523e-05,1.0,2021-07-13,0.0,Cairo
0.669009199728608,1,0.034422380179335355,1.0,5.434769774602947e-05,1.0,2021-07-20,0.0,Cairo
0.8205375949895395,1,0.040816479955149275,1.0,9.170770294348937e-05,1.0,2021-07-27,0.0,Cairo
0.7210555395481817,1,0.04130655345723652,1.0,0.00010773568530005528,1.0,2021-08-03,0.0,Cairo
0.7674028986354571,1,0.03982881576194513,1.0,7.920254821929939e-05,1.0,2021-08-10,0.0,Cairo
0.5845992866875183,1,0.038344605438298214,1.0,7.735550890959247e-05,1.0,2021-08-17,0.0,Cairo
0.5308949349302455,1,0.03576660782172071,1.0,8.12712923452686e-05,1.0,2021-08-24,0.0,Cairo
0.6836715670823288,1,0.03602904216302744,1.0,7.26729868673007e-05,1.0,2021-08-31,0.0,Cairo
0.6143701624010243,1,0.034857566305286865,1.0,7.723361646203666e-05,1.0,2021-09-07,0.0,Cairo
0.40827485398089547,1,0.034830625070395534,1.0,8.094650511076683e-05,1.0,2021-09-14,0.0,Cairo
0.4773912497584109,1,0.034295969554297624,1.0,7.522360996570033e-05,1.0,2021-09-21,0.0,Cairo
0.3399538118682985,1,0.034318371831799865,1.0,8.596965226811364e-05,1.0,2021-09-28,0.0,Cairo
0.4026687610362692,1,0.03402728146259984,1.0,8.449848045358543e-05,1.0,2021-10-05,0.0,Cairo
0.4473592304794092,1,0.03204622194651204,1.0,9.6211751325402e-05,1.0,2021-10-12,0.03727420398007668,Cairo
0.38008894241003643,1,0.033447507958107664,1.0,8.666100606780586e-05,1.0,2021-10-19,0.0,Cairo
0.6117920130721469,1,0.03228943059773717,1.0,0.00012203507327193138,1.0,2021-10-26,1.2153141065746973,Cairo
0.27187197990888173,1,0.030763502489719586,1.0,0.00011853860679925918,1.0,2021-11-02,0.003534319253616324,Cairo
0.312826099269484,1,0.03176337336899946,1.0,0.00014746664404993238,1.0,2021-11-09,0.04563737065100252,Cairo
-0.15773353183445812,1,0.03216422865777505,1.0,0.00010672626359047282,1.0,2021-11-16,0.06306636040293938,Cairo
0.3612872134037251,1,0.03362389243443877,1.0,0.00022480541563437776,1.0,2021-11-23,0.0,Cairo
0.27615068056525444,1,0.03228059398463274,1.0,0.0001540908482098766,1.0,2021-11-30,1.4085870987138154,Cairo
0.37682410452934295,1,0.03160088764681932,1.0,0.00017984671527627346,1.0,2021-12-07,3.8094305498737286,Cairo
0.042455890719640996,1,0.03262446113063108,1.0,9.807531613714526e-05,1.0,2021-12-14,0.0,Cairo
0.20000895430518878,1,0.03157065799024621,1.0,0.0001470902608035518,1.0,2021-12-21,0.09038902468171864,Cairo
-0.3490182370676271,1,0.03176253408845084,1.0,0.00014238097280765794,0.986159169550173,2021-12-28,1.6816697371325429,Cairo
0.12914558364746587,1,0.032812057996219966,1.0,0.00022495595137033688,1.0,2022-01-04,0.40161428699516366,Cairo
-0.053199825586670295,1,0.03175749737391652,1.0,0.00010023162410976027,1.0,2022-01-11,0.15682010464367896,Cairo
0.0014986121372415832,1,0.03351152883950635,1.0,0.0001580589538764407,1.0,2022-01-18,0.3677479665278785,Cairo
-0.35904711726053323,1,0.03252793943290194,1.0,8.946727980436349e-05,1.0,2022-01-25,0.09014407647315249,Cairo
-0.0292032890698531,1,0.03215768807605066,1.0,0.0001576185760529812,1.0,2022-02-01,0.17677199628548393,Cairo
0.19062775698663417,1,0.033928241031158976,1.0,0.00015850773274582664,1.0,2022-02-08,0.7225906643951612,Cairo
-0.22393953194248983,1,0.03226010355651583,0.9792387543252595,0.00013097680600940252,0.9896193771626297,2022-02-15,6.585488509088733,Cairo
0.05595894768754706,1,0.03324837347250861,1.0,0.00017613115899147008,1.0,2022-02-22,0.7486946669008929,Cairo
1.1972967755857484,1,0.03565233015826639,1.0,0.00012811446641402638,1.0,2022-03-01,2.94340632894686,Cairo
-0.009774755672432286,1,0.03412456952092021,1.0,0.00010492932496663052,1.0,2022-03-08,1.3385610006635893,Cairo
0.511142139891099,1,0.035148350926824376,1.0,0.00012548568459942578,1.0,2022-03-15,4.56128168758353,Cairo
0.2850345281145271,1,0.034413446187579584,1.0,9.897847646089003e-05,1.0,2022-03-22,0.09526926413477657,Cairo
0.5173895706527495,1,0.03453750346419672,1.0,0.0001131464009277486,1.0,2022-03-29,0.20706324418018573,Cairo
1.743479515994241,1,0.03525581191693598,1.0,0.00010399721611252854,1.0,2022-04-05,0.0,Cairo
0.982851706066964,1,0.033473211479642634,1.0,9.488383920539549e-05,1.0,2022-04-12,0.33689093637238543,Cairo
0.831109776138716,1,0.03261936879942801,1.0,8.542820961477089e-05,1.0,2022-04-19,0.05315599218496582,Cairo
0.8180004244288648,1,0.03330589976313561,1.0,8.49731861403882e-05,1.0,2022-04-26,0.0819737338123837,Cairo
1.2242279275541228,1,0.033813773450335656,1.0,7.545078826807673e-05,1.0,2022-05-03,0.0,Cairo
1.2005444366393205,1,0.03414126063811899,1.0,8.310450884650876e-05,1.0,2022-05-10,0.19145299461401508,Cairo
0.8444872179582368,1,0.03250243110732005,1.0,9.099120620638318e-05,1.0,2022-05-17,0.0,Cairo
0.9957445631383213,1,0.032971298130428345,1.0,0.00010433863360985535,1.0,2022-05-24,0.0,Cairo
0.8431271900552008,1,0.03139518800984066,1.0,8.489154170102274e-05,1.0,2022-05-31,0.0,Cairo
1.0997704812457934,1,0.032369773579441354,1.0,9.000701710502587e-05,1.0,2022-06-07,0.0,Cairo
0.6092199331112895,1,0.03345196589740645,1.0,7.878161900698555e-05,1.0,2022-06-14,1.574899885745794e-05,Cairo
0.8971585250216841,1,0.03256263918824339,1.0,8.142064211706873e-05,1.0,2022-06-21,0.0,Cairo
0.4649864618054689,1,0.032682039847964854,1.0,9.168816619438209e-05,1.0,2022-06-28,0.0,Cairo
0.71556684920921,1,0.031736447443226866,1.0,8.059745333104177e-05,1.0,2022-07-05,0.0,Cairo
0.9337537498838596,1,0.030347043538595887,1.0,6.872962076519955e-05,1.0,2022-07-12,0.0,Cairo
0.7406139221147466,1,0.03264211945882194,1.0,8.096835520724635e-05,1.0,2022-07-19,0.0,Cairo
0.6761540166989677,1,0.03326634165956739,1.0,9.311068558441745e-05,1.0,2022-07-26,0.0,Cairo
0.48414580358044745,1,0.03218666229244443,1.0,7.802248148523968e-05,1.0,2022-08-02,0.0,Cairo
0.5109928809537905,1,0.031691482634681405,1.0,7.980522392219303e-05,1.0,2022-08-09,0.0,Cairo
0.7131844922468353,1,0.03153120676804309,1.0,8.114723519150302e-05,1.0,2022-08-16,0.0,Cairo
0.7619249635878148,1,0.031050350008029602,1.0,7.495816810626531e-05,1.0,2022-08-23,0.0,Cairo
0.5255317071974224,1,0.03019050167634608,1.0,6.92812536759342e-05,1.0,2022-08-30,0.0,Cairo
0.3386669044674439,1,0.030204742976774057,1.0,7.463267985185863e-05,1.0,2022-09-06,0.0,Cairo
0.35846452216063646,1,0.02971127222064231,1.0,9.303526538222406e-05,1.0,2022-09-13,0.0,Cairo
1.1000331434302817,1,0.030648318597464568,1.0,9.356785043710283e-05,1.0,2022-09-20,0.003536806874725657,Cairo
0.98547091700882,1,0.02875963080429409,1.0,8.38895142027905e-05,1.0,2022-09-27,0.09234971219512225,Cairo
0.11187953080191446,1,0.029474884578568113,1.0,8.405701149203115e-05,1.0,2022-10-04,0.0,Cairo
0.4512732267117121,1,0.027835144632096794,1.0,8.290513877474325e-05,1.0,2022-10-11,0.0,Cairo
0.10761497484656846,1,0.02819108057004617,1.0,9.045137925283354e-05,1.0,2022-10-18,0.0003260346554876198,Cairo
0.1538922239577823,1,0.028540987226150654,1.0,0.00010172771163335558,1.0,2022-10-25,0.0,Cairo
0.15872393854823194,1,0.02958003446055244,1.0,0.00011893236679678532,1.0,2022-11-01,0.0,Cairo
0.017036051440580947,1,0.029380853158846795,1.0,0.00010615291750776689,1.0,2022-11-08,0.002649423779623953,Cairo
0.15430578865776007,1,0.028832151152404586,1.0,0.00014933270058897576,1.0,2022-11-15,0.14112610560161376,Cairo
0.1020440229411241,1,0.028269604761623126,1.0,0.00012182272328241683,1.0,2022-11-22,2.461231842647917,Cairo
0.2297108299606409,1,0.031478601345754254,1.0,0.00015851722277140066,1.0,2022-11-29,0.014281492204355638,Cairo
0.3314922773710131,1,0.03222191715822829,1.0,0.00022025370428174106,1.0,2022-12-06,0.8689611914937595,Cairo
0.3308622755544105,1,0.03060543892299256,1.0,0.0001529328979557519,1.0,2022-12-13,1.0695419625602203,Cairo
-0.12852343337778355,1,0.030111183567282564,1.0,0.0001234991910385954,1.0,2022-12-20,0.006480816922798237,Cairo
0.05825131410379074,1,0.030646673179754676,1.0,0.00016783347603689224,1.0,2022-12-27,0.1602476038099612,Cairo
-0.29874445534278743,1,0.029511281983003887,1.0,0.00014355871208981226,1.0,2023-01-03,0.010375500391726787,Cairo
0.04705439178566714,1,0.031462499347003146,1.0,0.0001475470326381516,1.0,2023-01-10,0.4083430663137248,Cairo
0.13046576680359867,1,0.032039455397164636,1.0,0.00019787071325445027,1.0,2023-01-17,0.0,Cairo
0.36052329941413946,1,0.03198160543869559,0.9930795847750865,0.00011449114267089781,1.0,2023-01-24,0.01975540831791726,Cairo
0.28406559786782554,1,0.03275475991749554,1.0,8.40630393927437e-05,1.0,2023-01-31,4.761570696266457,Cairo
-0.09018943985583394,1,0.033632043788900085,1.0,0.00012488199987912158,1.0,2023-02-07,0.34532578922008234,Cairo
-0.3385592015771263,1,0.032008726286562574,1.0,0.00010872689009398576,1.0,2023-02-14,4.419339003931119,Cairo
0.23080299750101435,1,0.030925700566963987,1.0,0.00013789533739813335,1.0,2023-02-21,3.0905414598941996,Cairo
0.918695028751188,1,0.032833998135062485,1.0,0.00012919749535163008,1.0,2023-02-28,0.7974359554335899,Cairo
0.6994070188576483,1,0.03275301972960942,1.0,0.00012558855147415358,1.0,2023-03-07,0.02339712134555059,Cairo
-0.13120617398149367,1,0.031160413923879877,1.0,6.408830538574141e-05,1.0,2023-03-14,0.1542710134764383,Cairo
0.3603323305473113,1,0.0326322992294382,1.0,0.00012643343362611238,1.0,2023-03-21,3.558438183915979,Cairo
0.3365291568093835,1,0.03495706519329691,1.0,0.00011021450362469431,1.0,2023-03-28,0.0,Cairo
1.2155721112267466,1,0.03419504679551117,1.0,9.975970074369635e-05,1.0,2023-04-04,0.5812879446881247,Cairo
0.2903747560135018,1,0.03323823749854973,1.0,9.35652637228629e-05,1.0,2023-04-11,0.0,Cairo
0.6375324713397148,1,0.032844467785886,1.0,6.819280330931482e-05,1.0,2023-04-18,0.41037496383661287,Cairo
0.6111033196026077,1,0.034060101274220045,1.0,8.641878898581612e-05,1.0,2023-04-25,0.0,Cairo
0.6345640863036661,1,0.03323103558845934,1.0,7.108646504520691e-05,1.0,2023-05-02,0.0,Cairo
0.7033940026833079,1,0.03416905031193621,1.0,0.00010015957881755522,1.0,2023-05-09,0.12106667380078438,Cairo
0.985192662400481,1,0.03449926191454346,1.0,8.403691965861305e-05,1.0,2023-05-16,0.08780560915146522,Cairo
0.7576172750740976,1,0.034035390927719275,1.0,0.00010205833981023306,1.0,2023-05-23,0.35889269072466645,Cairo
1.0783058160775805,1,0.03275099961573291,1.0,7.394240846214402e-05,1.0,2023-05-30,0.1714806122466666,Cairo
1.0672646423850747,1,0.032088871173765736,1.0,9.037177786689017e-05,1.0,2023-06-06,0.031000500123468396,Cairo
0.9510268630886787,1,0.03439302676928751,1.0,7.827796906684705e-05,1.0,2023-06-13,0.0,Cairo
0.5872205902566844,1,0.035384902886055496,1.0,8.344874525652033e-05,1.0,2023-06-20,0.0,Cairo
0.6855173946725209,1,0.03585596793050211,1.0,5.862867020129422e-05,1.0,2023-06-27,0.0,Cairo
0.5106270221540125,1,0.03554005563326394,1.0,6.990693445785669e-05,1.0,2023-07-04,0.0,Cairo
0.7555677204127895,1,0.03476789727132686,1.0,7.96643330960145e-05,1.0,2023-07-11,0.0,Cairo
0.6146413542150431,1,0.0338019655384248,1.0,8.992039746960444e-05,1.0,2023-07-18,0.0,Cairo
0.7113761490772336,1,0.038299331050644,1.0,8.70048038081064e-05,1.0,2023-07-25,0.0,Cairo
0.7147783029196183,1,0.03593218847552781,1.0,0.00010234174780758863,1.0,2023-08-01,0.0,Cairo
0.5380968946469997,1,0.03365588549702091,1.0,7.234021842404886e-05,1.0,2023-08-08,0.0,Cairo
0.4764265155209596,1,0.032755296240054424,1.0,7.015876563316696e-05,1.0,2023-08-15,0.0,Cairo
0.6281827316995141,1,0.033911377237059004,1.0,7.954362789149263e-05,1.0,2023-08-22,0.0,Cairo
0.7256493339008182,1,0.03507077163187599,1.0,7.637221927186947e-05,1.0,2023-08-29,0.0,Cairo
1.0339187170899167,1,0.03528176554560962,1.0,9.290243286268752e-05,1.0,2023-09-05,0.0,Cairo
0.6558050730907521,1,0.03383528141689643,1.0,8.619319810253802e-05,1.0,2023-09-12,0.0,Cairo
0.4610772908590595,1,0.033869770940633516,1.0,8.428700854750102e-05,1.0,2023-09-19,0.0,Cairo
0.27568382443629125,1,0.031943081387369725,1.0,8.063862708424104e-05,1.0,2023-09-26,0.16813480261272712,Cairo
0.13244854956083196,1,0.03179947492188693,0.9965397923875432,7.40221720449583e-05,1.0,2023-10-03,0.8686533584724021,Cairo
0.19395462831331717,1,0.03379038011719532,1.0,8.777990286104709e-05,1.0,2023-10-10,0.04112585203532988,Cairo
0.2544670456517399,1,0.032144046857125914,1.0,0.00010395459613974425,1.0,2023-10-17,1.0476875445701843,Cairo
0.32810468450660196,1,0.033331237138210026,1.0,0.0001086429218164445,1.0,2023-10-24,0.04814902162898476,Cairo
0.467469491963971,1,0.031219381459352498,1.0,0.00011202801471555183,1.0,2023-10-31,0.0,Cairo
0.13913213145744585,1,0.03079211607543062,1.0,0.0001175711688101299,1.0,2023-11-07,1.246469848348302,Cairo
-0.03676404584060122,1,0.03169099506883359,1.0,0.00010493008527058985,1.0,2023-11-14,0.0,Cairo
0.3516230281152251,1,0.0352493973749725,1.0,0.0001661235353820833,1.0,2023-11-21,1.278187547643721,Cairo
0.07675515909027499,1,0.032944032778982994,1.0,0.00012394857053985828,1.0,2023-11-28,0.3805199020871445,Cairo
0.014704739618318738,1,0.03408748201604866,0.9930795847750865,0.0001365377248353488,1.0,2023-12-05,2.568379722229319,Cairo
0.21356690235954628,1,0.033583610279985125,1.0,0.0001664547793525622,1.0,2023-12-12,2.9864208392377463,Cairo
-0.14865490690294975,1,0.03336254457957117,1.0,8.870744624584169e-05,1.0,2023-12-19,5.173390190956591,Cairo
-0.26712485033885,1,0.03339827286387684,1.0,9.869439328751707e-05,1.0,2023-12-26,2.5978814952031595,Cairo
0.21591491782793665,1,0.0335912866749005,1.0,0.0001595653544472807,1.0,2024-01-02,0.09819424552582816,Cairo
0.22873694039274595,1,0.034483644311681744,1.0,0.00010623353796431144,1.0,2024-01-09,0.049551998916901326,Cairo
0.3248151154698157,1,0.03461576351450528,1.0,0.00018854647955430506,1.0,2024-01-16,0.04745907856427306,Cairo
-0.24115091617516599,1,0.03306612066550943,1.0,8.170775659691139e-05,0.9930795847750865,2024-01-23,0.186795046272563,Cairo
-0.050780542021204925,1,0.03531727405546684,1.0,8.240225969590447e-05,1.0,2024-01-30,0.0,Cairo
-0.10665719096231162,1,0.03424454515413479,1.0,0.0001632592499002144,1.0,2024-02-06,0.9305148031023963,Cairo
-0.20811791942988955,1,0.0331921929293264,1.0,6.789913314476417e-05,1.0,2024-02-13,0.9116884669943934,Cairo
0.12288191208962565,1,0.03421971552336434,1.0,0.00013036874794615156,1.0,2024-02-20,2.9197250010186386,Cairo
0.3203120179914055,1,0.03470305465219748,1.0,0.00012896891498166176,1.0,2024-02-27,0.18250883525860293,Cairo
0.42268912441634454,1,0.03543050343417919,1.0,0.00010216421537696329,1.0,2024-03-05,0.22983616372461735,Cairo
0.27162059323907367,1,0.03541437032558964,1.0,0.00013072159494754832,1.0,2024-03-12,2.3026807907529094,Cairo
0.15002142719347233,1,0.03452802659059053,1.0,8.497000919550404e-05,1.0,2024-03-19,0.07016778432949883,Cairo
0.8021506634360895,1,0.03503878219799627,1.0,0.00012114780035328108,1.0,2024-03-26,1.1304245428790112,Cairo
0.4670150809751619,1,0.03631701600686657,1.0,7.952413634075804e-05,1.0,2024-04-02,0.0,Cairo
0.27306466154995573,1,0.036966902595255785,1.0,6.012412107059336e-05,1.0,2024-04-09,0.2876352729119326,Cairo
1.030172409574791,1,0.03542155435459847,1.0,9.353814012576312e-05,1.0,2024-04-16,0.0,Cairo
1.2089946793974105,1,0.03524702699520925,1.0,9.252509124268963e-05,1.0,2024-04-23,0.5329196332604964,Cairo
0.7133337671887675,1,0.03662216495822908,1.0,8.55618347440095e-05,1.0,2024-04-30,0.07926787390607438,Cairo
0.7998267340556808,1,0.036569184981762405,1.0,0.00012045256076838276,1.0,2024-05-07,0.0,Cairo
1.1189262460974976,1,0.037674309248099475,1.0,0.00010095206816798291,1.0,2024-05-14,0.6103480601395717,Cairo
1.2346446344380309,1,0.03733238264207132,1.0,0.00010494958885991617,1.0,2024-05-21,0.01601230480423895,Cairo
0.8034979364033639,1,0.03457503719316334,1.0,9.212611708345703e-05,1.0,2024-05-28,0.03433105602785884,Cairo
0.8186967888569461,1,0.03497390084415731,1.0,9.252564925222575e-05,1.0,2024-06-04,0.0,Cairo
1.1726470761172285,1,0.03224905340058469,1.0,7.14713533576047e-05,1.0,2024-06-11,1.655210818530835e-05,Cairo
0.7278528921127193,1,0.033386343320490404,1.0,7.588739336619818e-05,1.0,2024-06-18,0.0,Cairo
0.646419728120575,1,0.035037108413851464,1.0,8.21599896774553e-05,1.0,2024-06-25,0.0,Cairo
0.6438740754816401,1,0.035431044421369504,1.0,9.136498548522503e-05,1.0,2024-07-02,0.0,Cairo
0.5137838337274475,1,0.03478849612616342,1.0,8.497204833280132e-05,1.0,2024-07-09,0.0,Cairo
0.4652956803170294,1,0.035346210034821204,1.0,0.00010222177486103171,1.0,2024-07-16,0.0,Cairo
0.4570787810133826,1,0.03870760372867704,1.0,8.17943447249856e-05,1.0,2024-07-23,0.0,Cairo
0.473478929684934,1,0.03785637513344056,1.0,8.898426377682045e-05,1.0,2024-07-30,0.0,Cairo
0.40229176487700513,1,0.03806952394681481,1.0,9.067617443829673e-05,1.0,2024-08-06,0.0,Cairo
0.4586895665150308,1,0.03881743829794438,1.0,8.129723524952054e-05,1.0,2024-08-13,0.0,Cairo
0.5061561621128623,1,0.037932967371566664,1.0,8.208309001934494e-05,1.0,2024-08-20,0.0016009175118387043,Cairo
0.33381183431641603,1,0.03922360659606517,1.0,8.731393790746326e-05,1.0,2024-08-27,0.002144100006896499,Cairo
0.22846732553039725,1,0.03639447572782223,1.0,8.00665548559779e-05,1.0,2024-09-03,0.0,Cairo
0.738713756363136,1,0.036889556467961486,1.0,9.863592095697505e-05,1.0,2024-09-10,0.007411373019111529,Cairo
0.5233313094903624,1,0.0349054604259874,1.0,9.029744553358597e-05,1.0,2024-09-17,1.5962691713921392e-05,Cairo
0.5003428109606937,1,0.0350157045507838,1.0,8.330899207386227e-05,1.0,2024-09-24,0.0,Cairo
0.39344941953196233,1,0.03436077044754982,1.0,9.015742812320515e-05,1.0,2024-10-01,0.5631719441821973,Cairo
0.5785854796911678,1,0.03271327787654317,1.0,0.00010656871895832038,1.0,2024-10-08,0.0,Cairo
0.32949235385778103,1,0.033875096686828664,1.0,9.566064533550807e-05,1.0,2024-10-15,0.0,Cairo
0.6177981754711589,1,0.03415770648837143,1.0,8.871902239789557e-05,1.0,2024-10-22,0.0,Cairo
0.012831722312914538,1,0.0325756381548244,1.0,0.00012008399191343356,1.0,2024-10-29,0.008339933637141911,Cairo
-0.22576705487707227,1,0.03232175803000587,1.0,0.00010460970068944185,1.0,2024-11-05,0.0,Cairo
0.3104934542981524,1,0.03324569768562458,1.0,9.199346538745031e-05,1.0,2024-11-12,0.02185104287372183,Cairo
0.12916980416867252,1,0.03318186529568805,1.0,0.00012605277069772003,1.0,2024-11-19,0.10655656686784076,Cairo
0.026354195729251476,1,0.03357285709324704,1.0,0.0001375958020006853,1.0,2024-11-26,0.06252716425713077,Cairo
0.023270689283644744,1,0.03516834376880975,1.0,0.00019103844746888696,1.0,2024-12-03,0.13081991502521625,Cairo
-0.13997618604521836,1,0.03440983780976316,1.0,0.00012614925951271583,1.0,2024-12-10,0.430439818070229,Cairo
-0.004578163204279288,1,0.033734995113274,1.0,0.00013312828271403018,1.0,2024-12-17,0.27607261701401764,Cairo
0.2919032278525049,1,0.03391153914935702,1.0,8.904446665916722e-05,1.0,2024-12-24,0.005694157290263862,Cairo
0.10440778230973673,1,0.036780562364533496,1.0,0.00013254339551517426,1.0,2024-12-31,0.0075702694751255736,Cairo
-0.05405948538807255,1,0.03439259534029056,1.0,0.0001907822582072464,1.0,2025-01-07,0.02712213325366079,Cairo
0.035240781268654944,1,0.03446929662114409,0.9273356401384083,0.00020759580834044025,1.0,2025-01-14,1.4659582202138242,Cairo
-0.22031424406064187,1,0.03383670639156095,1.0,0.0001612926042967512,1.0,2025-01-21,1.1623630427762917,Cairo
-0.17289852179586263,1,0.03441591011800131,1.0,0.00013699621643294013,1.0,2025-01-28,0.010545914271441605,Cairo
-0.23986502893306696,1,0.03450321839515273,1.0,0.00013578891064767285,0.9896193771626297,2025-02-04,2.1921005806827614,Cairo
0.05908064736111572,1,0.034133205237684594,1.0,0.00014266503375727244,1.0,2025-02-11,0.0,Cairo
-0.17313457772313606,1,0.03493024923118452,1.0,0.00014359705509322203,0.9965397923875432,2025-02-18,0.0,Cairo
-0.013126885098168171,1,0.03433800312762208,1.0,0.00010615087031483031,1.0,2025-02-25,1.2558251654437336,Cairo
0.12141554007143743,1,0.03469721459168786,1.0,0.00012550753002505682,1.0,2025-03-04,0.3269749333269203,Cairo
0.3470403567498145,1,0.034894921824498125,1.0,0.0001413208895046572,1.0,2025-03-11,0.03846532585611517,Cairo
0.0655374519410339,1,0.03407398956618083,1.0,0.00010055169922172182,1.0,2025-03-18,0.17417251572174308,Cairo
0.7672854770905652,1,0.03460749169343542,1.0,9.121390330157716e-05,1.0,2025-03-25,0.23422056900648472,Cairo
0.7538354592648997,1,0.035226131915612635,1.0,7.939918829257647e-05,1.0,2025-04-01,0.0,Cairo
0.2636569577808359,1,0.03501911346922222,1.0,8.225427808225998e-05,1.0,2025-04-08,0.0,Cairo
1.0305164162409537,1,0.03466132005863315,1.0,9.147763473801519e-05,1.0,2025-04-15,0.016557715263363526,Cairo
0.6047771200263045,1,0.03518827296964601,1.0,8.443324911072807e-05,1.0,2025-04-22,0.238484567771926,Cairo
0.5863250802176337,1,0.033230117853355584,1.0,9.198573358569472e-05,1.0,2025-04-29,0.04036273909994039,Cairo
0.6981901695346118,1,0.0327039389536644,1.0,9.768576995749082e-05,1.0,2025-05-06,0.4708404811179713,Cairo
1.420705053855823,1,0.03282325059370476,1.0,0.00010350199325850729,1.0,2025-05-13,0.564134932653836,Cairo
1.0456909674974875,1,0.03301763787432968,1.0,9.499917079349125e-05,1.0,2025-05-20,0.0002410509993083121,Cairo
0.39418423109997336,1,0.032668412898552,1.0,8.091708502336197e-05,1.0,2025-05-27,0.0,Cairo
0.6805682081076554,1,0.034811198108602295,1.0,6.356317097021241e-05,1.0,2025-06-03,0.0,Cairo
0.6447416865186211,1,0.03381309565209669,1.0,8.354032654730065e-05,1.0,2025-06-10,1.6565288980959677e-05,Cairo
0.544475548624854,1,0.03648413319828556,1.0,8.824151442523456e-05,1.0,2025-06-17,0.0,Cairo
0.5481919553568315,1,0.03577702836918491,1.0,8.854308497846445e-05,1.0,2025-06-24,0.0,Cairo
0.49160178467599913,1,0.034266241594216255,1.0,9.000209449651212e-05,1.0,2025-07-01,9.105004157059078e-05,Cairo
0.3744115801287318,1,0.03426710848315138,1.0,9.545947497390071e-05,1.0,2025-07-08,0.0,Cairo
0.5729832832677875,1,0.03442482375159244,1.0,9.260421067120094e-05,1.0,2025-07-15,0.0,Cairo
0.5382189318164361,1,0.03780370033030912,1.0,0.00010414551595858646,1.0,2025-07-22,0.0,Cairo
0.3515259816140312,1,0.03356471972302106,1.0,7.394547450890023e-05,1.0,2025-07-29,0.0,Cairo
0.5285212960029052,1,0.033903373524916354,1.0,8.575368481217991e-05,1.0,2025-08-05,0.0,Cairo
0.8056394930457282,1,0.035474982542748855,1.0,6.68237539122748e-05,1.0,2025-08-12,0.0,Cairo
0.4862825738619735,1,0.0383817263383907,1.0,9.284654806728906e-05,1.0,2025-08-19,0.0,Cairo
0.5395528377987867,1,0.03509707636452578,1.0,8.58852762905142e-05,1.0,2025-08-26,0.0,Cairo
0.4106892393562029,1,0.0321455742757216,1.0,7.630516768231775e-05,1.0,2025-09-02,0.0,Cairo
0.38084028926168434,1,0.03158199178271618,1.0,7.9333747692677e-05,1.0,2025-09-09,0.0,Cairo
0.21098928509414122,1,0.0320089245693963,1.0,7.824088269251192e-05,1.0,2025-09-16,0.0,Cairo
0.31031655169998734,1,0.03215362925388198,1.0,8.389152510229997e-05,1.0,2025-09-23,0.0,Cairo
0.5595130163861358,1,0.03298075445134139,1.0,8.954753028601099e-05,1.0,2025-09-30,0.11998887183156416,Cairo
0.19208459836867986,1,0.03228772324214575,1.0,9.537362499010932e-05,1.0,2025-10-07,0.5225660394763395,Cairo
0.35393454590964396,1,0.03035613156430946,1.0,8.537836522506044e-05,1.0,2025-10-14,0.0,Cairo
0.3985672592014362,1,0.029595390531199712,1.0,0.00010801866537614721,1.0,2025-10-21,0.0,Cairo
-0.15358600543588652,1,0.028462658835945086,1.0,0.00011217030678378298,1.0,2025-10-28,0.9493433424897738,Cairo
0.3054819765218193,1,0.030785735939390376,1.0,0.00012792578561348437,1.0,2025-11-04,0.0,Cairo
-0.19384254392034386,1,0.029612583711145567,1.0,0.00011401620165367011,1.0,2025-11-11,0.02412120212685234,Cairo
0.3336423358523763,1,0.030765677933944958,1.0,0.00018099939137333797,1.0,2025-11-18,1.4070086879216173,Cairo
0.20654304217886021,1,0.029338398167659468,1.0,0.00015346419032788065,1.0,2025-11-25,2.6105337431176485,Cairo
0.4229215164180803,1,0.029275255954353773,1.0,0.00010889548788289928,1.0,2025-12-02,0.04211396963969218,Cairo
-0.2717332475564752,1,0.0299511249209361,1.0,0.00012684089436866758,1.0,2025-12-09,0.2119980640504105,Cairo
0.36868098346668343,1,0.030617456796297324,1.0,0.0001410998347851431,1.0,2025-12-16,0.2448682822128982,Cairo
0.18818953358804946,1,0.029579739685211305,1.0,0.00013118532429909414,1.0,2025-12-23,0.6195007685871359,Cairo
0.09344146135118993,1,0.03078332696153281,1.0,0.00017254318319963205,1.0,2025-12-30,0.18584910738955315,Cairo
0.512629462163064,1,0.031368777903101996,1.0,0.00016475808942690472,1.0,2026-01-06,0.04313734224919443,Cairo
0.1259765595366187,1,0.03072057543967656,1.0,0.00014309090801540322,1.0,2026-01-13,0.05883735100587639,Cairo
0.6658278715806986,1,0.033865118808759184,0.9930795847750865,0.0001363071769445424,1.0,2026-01-20,3.1164979416004575,Cairo
0.6652186399438448,1,0.029904877684316253,0.9930795847750865,8.096907557345841e-05,1.0,2026-01-27,0.09143561968024057,Cairo
0.660027263592136,1,0.030199311152475802,1.0,0.00013277366184994847,1.0,2026-02-03,1.9919567309051445,Cairo
0.9604757484223971,1,0.030683047407858936,1.0,0.00013423502195048873,1.0,2026-02-10,0.0,Cairo
0.2442538618007666,1,0.03091489707984156,1.0,9.853698918274408e-05,1.0,2026-02-17,1.5642438286648805,Cairo
-0.1735002037774003,1,0.03131522140179315,1.0,9.441389531783695e-05,1.0,2026-02-24,0.8607869980993815,Cairo
0.32987275006629113,1,0.032574958938361445,1.0,0.0001059649062501497,1.0,2026-03-03,0.16268231816150455,Cairo
0.45738381455172106,1,0.03125542472814133,1.0,0.00011948884115216966,1.0,2026-03-10,2.7255154646284288,Cairo
0.36082088616565705,1,0.03054795032098554,1.0,7.996974333354594e-05,1.0,2026-03-17,1.5250564520931897,Cairo
0.055278661517958974,1,0.03088678547633868,1.0,8.549965574116875e-05,1.0,2026-03-24,0.3539312726762514,Cairo
1.4408065560991448,1,0.0345647433072363,1.0,0.00013085197487671272,1.0,2026-03-31,0.43833497851568953,Cairo
0.4665648226480494,1,0.03335584655489076,1.0,9.262361433742281e-05,1.0,2026-04-07,0.00224692417343966,Cairo
1.1983565212871605,1,0.03319378061493267,1.0,0.00010188309940525624,1.0,2026-04-14,0.5742697602737419,Cairo
0.54316275733148,1,0.03340090737435549,1.0,0.00011449020114851436,1.0,2026-04-21,0.01677053997566961,Cairo
0.5376148058136159,1,0.03420320131393298,1.0,0.0001028231501665132,1.0,2026-04-28,0.12773801595662132,Cairo
0.6924120532853276,1,0.03391771459068766,1.0,9.547087544771715e-05,1.0,2026-05-05,0.29600587800864603,Cairo
1.4808579775754012,1,0.03343396510347801,1.0,9.092480645288058e-05,1.0,2026-05-12,0.2609527175398954,Cairo
0.7170334807530998,1,0.03239037799092535,1.0,8.200530055543571e-05,1.0,2026-05-19,0.0,Cairo
0.716760919432723,1,0.03146131911932888,1.0,6.003278084217468e-05,1.0,2026-05-26,0.2809079355774787,Cairo
1.0026424205196582,1,0.031727651561038836,1.0,0.00010147520184068261,1.0,2026-06-02,0.05669787518611834,Cairo
0.8085886002481881,1,0.03102227415479262,1.0,8.817984564156198e-05,1.0,2026-06-09,0.0,Cairo
0.7534438184091263,1,0.03109534500005245,1.0,7.878844589414083e-05,1.0,2026-06-16,0.0,Cairo
0.8274220766670078,1,0.032058278371697675,1.0,9.029201465969366e-05,1.0,2026-06-23,0.0,Cairo
0.7515100262040887,1,0.03246359177402233,1.0,7.585694139006542e-05,1.0,2026-06-30,0.0,Cairo
0.7449633607237971,1,0.032078461476621266,1.0,8.371471646439018e-05,1.0,2026-07-07,0.0,Cairo
0.7425244190448936,1,0.03417869547126215,1.0,9.376005009414099e-05,1.0,2026-07-14,0.0,Cairo
0.9737011334721786,1,0.03681906603041615,1.0,8.134006549303549e-05,1.0,2026-07-21,0.0,Cairo
0.7828146799509179,1,0.03816807740212669,1.0,8.802816866552998e-05,1.0,2026-07-28,0.0,Cairo
0.8234253547540097,1,0.03604752708149392,1.0,8.886841755935115e-05,1.0,2026-08-04,0.0,Cairo
0.5615564411088232,1,0.036134406224748825,1.0,9.105299504880305e-05,1.0,2026-08-11,3.6085128866469957e-06,Cairo
0.6312331254316255,1,0.035015477368389086,1.0,9.452596094667275e-05,1.0,2026-08-18,0.00028944553177924194,Cairo
0.9015590182925625,1,0.03537585424702053,1.0,8.669298514951209e-05,1.0,2026-08-25,0.0034529982593500485,Cairo
