aer_ai_mean,aer_ai_valid_frac,co_mean,co_valid_frac,no2_mean,no2_valid_frac,period_start,city,precip_mm
-1.3212130961496098,1,0.027121881149597,0.9342560553633218,4.233788285075159e-05,0.9965397923875432,2019-01-01,Jakarta,26.007085617049523
-1.0373047484113618,1,0.0328072104461581,0.9411764705882352,5.281917683819923e-05,0.8719723183391004,2019-01-08,Jakarta,88.23867349345038
-1.1593188601015345,1,0.0300390614127414,0.6124567474048442,5.002308073795371e-05,0.6539792387543253,2019-01-15,Jakarta,65.69442775366367
-1.1090575913501624,1,0.0273253031677641,0.5121107266435986,3.5123630694636195e-05,0.3217993079584775,2019-01-22,Jakarta,50.09899957035846
-0.982857340855873,1,0.0342238780853324,0.7577854671280276,3.903508097275846e-05,0.8477508650519031,2019-01-29,Jakarta,75.25178714307911
-1.2100611994844226,1,0.0315137063546228,1.0,4.829423109995904e-05,0.9238754325259516,2019-02-05,Jakarta,84.23911824685325
-1.2874226087898335,1,0.0330605808001833,0.9653979238754326,3.85759901155906e-05,0.8961937716262975,2019-02-12,Jakarta,76.77300391285829
-1.1181022089408106,1,0.0333134854525413,1.0,4.935966421124317e-05,0.903114186851211,2019-02-19,Jakarta,108.0766832793522
-1.2928031281715424,1,0.032748482497826,1.0,4.8945629538370184e-05,0.9930795847750864,2019-02-26,Jakarta,58.819520616556474
-1.3188653118838234,1,0.0329975939896759,0.9238754325259516,4.410037937181501e-05,0.8477508650519031,2019-03-05,Jakarta,72.59076864379841
-1.224950251924702,1,0.0313938906534122,0.8062283737024222,5.62281607262701e-05,0.7647058823529411,2019-03-12,Jakarta,61.16545422684006
-1.1637855635775802,1,0.0281814988990221,0.7612456747404844,5.026461175865438e-05,0.889273356401384,2019-03-19,Jakarta,41.85643635137223
-1.5390625634431552,1,0.0308518421197649,1.0,5.8944090686019346e-05,0.9342560553633218,2019-03-26,Jakarta,99.94499919049109
-1.3946009837379878,1,0.0310646215386034,0.986159169550173,5.964731299727343e-05,0.8927335640138409,2019-04-02,Jakarta,50.10227932921227
-1.3720986095852203,1,0.0313135708386529,0.7993079584775087,6.104131129292408e-05,0.9515570934256056,2019-04-09,Jakarta,53.31151448249511
-1.2738584871466785,1,0.0306743668003128,0.8719723183391004,4.925471599033398e-05,0.972318339100346,2019-04-16,Jakarta,71.90715626055676
-1.519618386971351,1,0.0289134930749382,0.9307958477508652,4.4180344537511646e-05,0.8477508650519031,2019-04-23,Jakarta,128.99775908341172
-1.229073470816155,1,0.0284149139005567,0.9826989619377162,4.148923942827515e-05,0.9273356401384084,2019-04-30,Jakarta,51.22645547102377
-1.5268339967060596,1,0.0308644907851171,0.8650519031141869,4.6264437252491494e-05,0.9307958477508652,2019-05-07,Jakarta,45.25300349103341
-1.5088663864279983,1,0.0332504726136248,0.9826989619377162,5.743145942555966e-05,0.9792387543252596,2019-05-14,Jakarta,29.129560792721357
-1.282866579570524,1,0.0296649411849116,0.7508650519031141,4.9174443339693184e-05,0.972318339100346,2019-05-21,Jakarta,6.451410223882501
-1.433336141712111,1,0.0334511007904428,0.754325259515571,4.94138292685984e-05,0.9619377162629758,2019-05-28,Jakarta,7.362714027006747
-1.5517729334763275,1,0.0328264611055407,0.7197231833910035,4.302500828481337e-05,0.9965397923875432,2019-06-04,Jakarta,7.4713915926597005
-1.4031314595979285,1,0.0299642705686294,0.8512110726643599,5.0132801023558505e-05,0.9480968858131488,2019-06-11,Jakarta,22.663719708763157
-1.3992799663808015,1,0.033858785887651,0.7681660899653979,6.09758615552785e-05,1.0,2019-06-18,Jakarta,1.2095898526955862
-1.4722764285784866,1,0.0335839869770482,0.7854671280276817,5.7600849182728e-05,0.9965397923875432,2019-06-25,Jakarta,0.4328393675806872
-1.3432204616820735,1,0.0295288980569932,0.9896193771626296,5.0007987899629774e-05,0.8961937716262975,2019-07-02,Jakarta,13.190689358019593
-1.436645877799247,1,0.031038401491786,0.7820069204152249,4.313131477914234e-05,0.9826989619377162,2019-07-09,Jakarta,4.024815553371243
-1.359354111506277,1,0.0335716222251177,0.7750865051903114,5.377983294039046e-05,1.0,2019-07-16,Jakarta,5.995351956115164
-1.2943071072959569,1,0.0335854728123232,0.7612456747404844,4.89647317307935e-05,1.0,2019-07-23,Jakarta,1.0378008948477808
-1.2654203996040545,1,0.0347054225845935,0.726643598615917,5.95570596105728e-05,0.9930795847750864,2019-07-30,Jakarta,1.9912680811065107
-1.4117766699874932,1,0.0335272672792414,0.9342560553633218,5.053163601172492e-05,0.9411764705882352,2019-08-06,Jakarta,0.3589259888512527
-1.3336806001887926,1,0.036950677999577,0.7439446366782007,5.078360914554182e-05,0.9930795847750864,2019-08-13,Jakarta,5.611628769628518
-1.2820126134556695,1,0.0375682731286799,0.7681660899653979,5.044527406624554e-05,0.972318339100346,2019-08-20,Jakarta,3.593226823444291
-1.5351458574079206,1,0.0397081169976492,0.8961937716262975,4.839727187909677e-05,0.9826989619377162,2019-08-27,Jakarta,19.53105616234113
-1.4135426471769543,1,0.0391871005569078,0.7750865051903114,5.125572089705093e-05,0.9688581314878892,2019-09-03,Jakarta,2.5502491617624217
-1.2329463457351912,1,0.04076531952881,1.0,4.8919753337416086e-05,1.0,2019-09-10,Jakarta,2.2273652648769082
-1.3397277535369263,1,0.048880422710666,1.0,4.4039733098716176e-05,1.0,2019-09-17,Jakarta,2.7664618121942643
-1.1650082591942836,1,0.0577278519140977,1.0,4.5509974571111645e-05,0.9480968858131488,2019-09-24,Jakarta,16.24298443076456
-0.9810497954744144,1,0.0460136868908097,0.9965397923875432,6.192968115407926e-05,1.0,2019-10-01,Jakarta,9.026363910055776
-1.223981145535707,1,0.0451995529904485,0.9930795847750864,6.916480525962801e-05,0.9653979238754326,2019-10-08,Jakarta,29.453081046242882
-1.472604400286639,1,0.0418816835788558,1.0,5.6132211580684705e-05,1.0,2019-10-15,Jakarta,11.814753885976618
-1.0219106879745312,1,0.0476083655319736,1.0,6.790232483782351e-05,1.0,2019-10-22,Jakarta,27.42801149508029
-1.3556276440170247,1,0.0469999446841107,1.0,5.659516623017445e-05,0.8858131487889274,2019-10-29,Jakarta,16.92925135658586
-1.6357988328084312,1,0.0449685745729368,1.0,6.212342033970074e-05,0.9930795847750864,2019-11-05,Jakarta,8.231244937247384
-1.2922273802303774,1,0.0448667187467774,1.0,6.454905806114265e-05,1.0,2019-11-12,Jakarta,38.131203086171574
-1.3762141601853866,1,0.0422724044834187,0.9930795847750864,5.691072963220901e-05,0.8408304498269896,2019-11-19,Jakarta,43.30570086068558
-1.5000405184286552,1,0.0397721948638709,1.0,5.183704864485194e-05,0.9100346020761244,2019-11-26,Jakarta,35.34057205332048
-1.520085325873329,1,0.0396492153534314,0.8408304498269896,6.252529509032829e-05,0.8304498269896193,2019-12-03,Jakarta,79.88402800101834
-1.061620970425769,1,0.0381059009048561,0.9688581314878892,6.734879807175765e-05,0.8373702422145328,2019-12-10,Jakarta,72.92366596073819
-1.3811526227951867,1,0.0343136029392644,1.0,6.5993641118051e-05,0.889273356401384,2019-12-17,Jakarta,68.60434159173649
-1.6308182974030827,1,0.0325767898413656,0.8442906574394463,4.3155892772278064e-05,0.8062283737024222,2019-12-24,Jakarta,122.60252243557612
-1.1658192425031408,1,0.0322561242990962,0.8235294117647058,4.133316422720924e-05,0.4913494809688581,2019-12-31,Jakarta,120.55758230902632
-1.2588936462938307,1,0.0264435931080468,0.8373702422145328,2.8747785771181877e-05,0.8269896193771626,2020-01-07,Jakarta,98.37280741829456
-1.6238880295050817,1,0.0329032671729657,1.0,4.2622957558925984e-05,0.8442906574394463,2020-01-14,Jakarta,45.96671850127271
-1.270863500253504,1,0.0324557317341696,0.8408304498269896,4.880549785488002e-05,0.7335640138408305,2020-01-21,Jakarta,196.70505447610844
-1.206204315772222,1,0.0325372054023815,0.972318339100346,3.849839799309404e-05,0.8788927335640139,2020-01-28,Jakarta,92.5932593845988
-1.540333722676971,1,0.0369030840395483,0.8788927335640139,3.8818924928673955e-05,0.8166089965397924,2020-02-04,Jakarta,127.1998219566793
-1.4178230406810812,1,0.033893645412409,0.9792387543252596,4.248082000582423e-05,0.8477508650519031,2020-02-11,Jakarta,116.99214051290035
-1.3800688326219603,1,0.0316872495655943,0.9377162629757786,2.9238327064865527e-05,0.5986159169550173,2020-02-18,Jakarta,69.00853110698272
-1.2396379285488492,1,0.0344764349572816,0.9896193771626296,4.011490524657661e-05,0.8858131487889274,2020-02-25,Jakarta,72.76005580049886
-1.465580126647286,1,0.0330510535450547,0.9100346020761244,3.459518392185745e-05,0.9619377162629758,2020-03-03,Jakarta,68.30941490732373
-1.3740333646779053,1,0.0368618325372385,0.8615916955017301,4.017451906966842e-05,0.7508650519031141,2020-03-10,Jakarta,70.50614359771723
-1.4341072198826232,1,0.0356456913318113,0.7647058823529411,4.333983080801957e-05,0.9411764705882352,2020-03-17,Jakarta,128.85612388464398
-1.758840314176173,1,0.0316214960031379,0.9965397923875432,4.07695726829702e-05,0.8754325259515571,2020-03-24,Jakarta,107.29243606298466
-1.2737765730463202,1,0.0294783695766926,0.8166089965397924,4.97884620653271e-05,0.8442906574394463,2020-03-31,Jakarta,92.14770735494774
-1.7784415586635294,1,0.0296928632250804,0.9342560553633218,3.6017246379028315e-05,0.9792387543252596,2020-04-07,Jakarta,68.98575897127905
-1.7622699927558163,1,0.030953181657228,0.8339100346020761,3.6795685332449105e-05,0.9688581314878892,2020-04-14,Jakarta,63.90706541546525
-1.4912517333928716,1,0.0301993932922261,0.8062283737024222,3.2737710263810096e-05,0.9342560553633218,2020-04-21,Jakarta,52.29288649957858
-1.5016418691262616,1,0.0315301300109975,0.8581314878892734,2.6966640137517276e-05,0.7820069204152249,2020-04-28,Jakarta,74.50729596342032
-1.7158177027808708,1,0.0308752905423879,0.9065743944636678,3.0871506149768355e-05,0.9273356401384084,2020-05-05,Jakarta,69.56510123625024
-1.4871545831967372,1,0.0332750914894184,0.740484429065744,3.7852447010644906e-05,0.9653979238754326,2020-05-12,Jakarta,35.125875626393075
-1.7216921989877456,1,0.0301676169134039,0.7889273356401384,3.092824239044593e-05,0.9792387543252596,2020-05-19,Jakarta,23.740593610891736
-1.948868309419727,1,0.0297126405824157,0.7093425605536332,3.652896743744546e-05,0.9273356401384084,2020-05-26,Jakarta,50.34822975654092
-1.566542805272905,1,0.0314887758929582,0.9377162629757786,4.03880298973733e-05,0.9757785467128028,2020-06-02,Jakarta,9.647401863420964
-1.61817659718256,1,0.0336707607910599,0.7958477508650519,4.174159246286025e-05,0.972318339100346,2020-06-09,Jakarta,16.50354076267429
-1.6429821245522442,1,0.0294403627622805,0.7958477508650519,4.407765321220396e-05,0.9757785467128028,2020-06-16,Jakarta,30.070224824871975
-1.6883040869206378,1,0.0341606588662333,0.7716262975778547,4.7278635452041576e-05,0.9342560553633218,2020-06-23,Jakarta,11.102978350918823
-1.6026773156089726,1,0.0302875929958994,0.8442906574394463,4.160783917595913e-05,0.9653979238754326,2020-06-30,Jakarta,15.83306548992577
-1.8138183661961904,1,0.0304850449236146,0.972318339100346,3.99412947560009e-05,0.944636678200692,2020-07-07,Jakarta,14.344631688470615
-1.6234576625692485,1,0.0288611073649841,0.8927335640138409,4.0385282555322375e-05,0.9411764705882352,2020-07-14,Jakarta,9.18703279800794
-1.7034017437318614,1,0.0319747762832393,0.9377162629757786,4.556183081242932e-05,0.986159169550173,2020-07-21,Jakarta,11.708700137299328
-1.8921386039842985,1,0.0338077245447497,0.71280276816609,4.9113677093414155e-05,1.0,2020-07-28,Jakarta,2.712773382544322
-1.7488762325676364,1,0.0340098358546109,0.7923875432525952,3.8030689590290686e-05,0.9307958477508652,2020-08-04,Jakarta,9.375297458322988
-1.5777399429190575,1,0.0299621064581483,0.9377162629757786,3.534505566830778e-05,0.7923875432525952,2020-08-11,Jakarta,44.548930263218786
-1.871689946984514,1,0.0306456963858252,0.9930795847750864,3.901178663464155e-05,0.986159169550173,2020-08-18,Jakarta,11.433689423956354
-1.7013135157676396,1,0.0319501134917872,0.9757785467128028,4.245413030645339e-05,1.0,2020-08-25,Jakarta,2.0465851813839326
-1.611569638625734,1,0.0312494939114298,1.0,4.605890265565608e-05,0.9550173010380624,2020-09-01,Jakarta,25.134846121334366
-1.7094067508601698,1,0.0345172328209975,0.9619377162629758,4.426948430545615e-05,0.9550173010380624,2020-09-08,Jakarta,15.784553599344251
-1.765579562702838,1,0.0363701405092802,0.986159169550173,4.076213845481633e-05,1.0,2020-09-15,Jakarta,23.72662037387539
-1.8234316055078448,1,0.0342959623347681,0.9930795847750864,4.5480501888318826e-05,0.9792387543252596,2020-09-22,Jakarta,30.508493447858843
-1.696928261175951,1,0.0317554983844699,1.0,4.3134491787296545e-05,1.0,2020-09-29,Jakarta,28.547090866910366
-1.5979160344213323,1,0.035574818201876,1.0,4.587926406427619e-05,0.8788927335640139,2020-10-06,Jakarta,40.052146022794005
-1.558018173877688,1,0.0355742562350016,0.986159169550173,4.694770494727105e-05,0.8961937716262975,2020-10-13,Jakarta,51.53497988772361
-1.426676224204485,1,0.0329826556755175,0.9411764705882352,4.632506138400848e-05,0.6332179930795848,2020-10-20,Jakarta,109.58071333083957
-1.4915704751282932,1,0.0359566954131917,0.9480968858131488,4.296797615362616e-05,0.8477508650519031,2020-10-27,Jakarta,93.25087469336313
-1.641525519227281,1,0.0349346421472438,0.889273356401384,5.125585390808806e-05,0.9204152249134948,2020-11-03,Jakarta,42.31470064938201
-1.4427273538034793,1,0.0345264714020094,1.0,5.3623681359456653e-05,0.986159169550173,2020-11-10,Jakarta,40.99081223407171
-1.6182923189810874,1,0.0351051942321772,0.8858131487889274,4.268922945117314e-05,0.8754325259515571,2020-11-17,Jakarta,66.46280478437419
-1.7627131788764177,1,0.0306770604835008,0.698961937716263,4.5941537989630214e-05,0.7612456747404844,2020-11-24,Jakarta,55.60994993879344
-1.4477471894015754,1,0.0286027398330658,0.7681660899653979,3.8705366604679505e-05,0.9273356401384084,2020-12-01,Jakarta,77.86104881423508
-1.4831581855191458,1,0.0273197237851306,0.916955017301038,3.135212779514226e-05,0.8546712802768166,2020-12-08,Jakarta,90.47257319095863
-1.6283153665405077,1,0.0254311101545192,0.889273356401384,3.86203932149984e-05,0.6608996539792388,2020-12-15,Jakarta,78.05233150663474
-1.5406655128427764,1,0.0272050736571547,0.9965397923875432,3.475745339476283e-05,0.8685121107266436,2020-12-22,Jakarta,44.79734661715067
-1.377786370217886,1,0.0280467779819941,0.8927335640138409,3.936812941715425e-05,0.4186851211072664,2020-12-29,Jakarta,87.20914117913915
-1.388330901978616,1,0.0283813568594975,0.4878892733564013,1.9604809922916105e-05,0.0865051903114186,2021-01-05,Jakarta,104.90779562933685
-1.487510765431809,1,0.0281523987432148,0.9342560553633218,3.1631946460240844e-05,0.5847750865051903,2021-01-12,Jakarta,56.73580177375223
-1.3810754996395755,1,0.0300711591633079,0.9204152249134948,3.699032877982315e-05,0.4602076124567474,2021-01-19,Jakarta,61.382680241641566
-1.5493526428644684,1,0.0302015554386907,0.7958477508650519,4.599024620322712e-05,0.5640138408304498,2021-01-26,Jakarta,115.18178406132773
-1.6719112946706047,1,0.0302230329876677,0.9965397923875432,3.398980492537292e-05,0.629757785467128,2021-02-02,Jakarta,100.53746406890696
-1.4681217591330162,1,0.0293390146587611,0.9965397923875432,4.4464908762944866e-05,0.7024221453287197,2021-02-09,Jakarta,54.97684657504615
-1.4594291322966426,1,0.0331101318500165,0.8754325259515571,3.599236735625719e-05,0.7577854671280276,2021-02-16,Jakarta,96.27099815748532
-1.831349148274533,1,0.0318089975647249,0.9204152249134948,3.880163180468093e-05,0.9619377162629758,2021-02-23,Jakarta,80.27435554765843
-1.681870021468509,1,0.0337047050678877,1.0,5.622864559877945e-05,0.8685121107266436,2021-03-02,Jakarta,74.80719313922522
-1.6602836377897532,1,0.0301956987262803,1.0,3.9942912877837014e-05,0.8096885813148789,2021-03-09,Jakarta,41.28196037830613
-2.0495816211336315,1,0.0304179627692282,0.8996539792387543,5.938454767388422e-05,0.9273356401384084,2021-03-16,Jakarta,51.90925522921836
-1.5654486897711095,1,0.0297149308453964,0.9792387543252596,5.139378827949198e-05,0.9550173010380624,2021-03-23,Jakarta,56.60105367761049
-1.5967964459526849,1,0.0269028817280899,0.9930795847750864,4.1142463746753875e-05,0.8996539792387543,2021-03-30,Jakarta,121.50334388173975
-1.9698601920148768,1,0.032961147594644,0.9273356401384084,5.670020705978879e-05,0.9826989619377162,2021-04-06,Jakarta,34.856397515827744
-1.9682664203875364,1,0.0325048227612709,0.7231833910034602,5.422720957206662e-05,0.9100346020761244,2021-04-13,Jakarta,82.11562719527062
-1.9808069231188363,1,0.0331136349269646,0.7889273356401384,5.237052478427772e-05,0.972318339100346,2021-04-20,Jakarta,9.536035841501276
-1.9693559012219253,1,0.0314737604267293,0.8788927335640139,4.472312360872505e-05,0.9238754325259516,2021-04-27,Jakarta,22.808510576352926
-1.8512259779636664,1,0.0329498613414997,0.7474048442906575,4.855199678586092e-05,0.9238754325259516,2021-05-04,Jakarta,36.58166920160029
-1.966054373197556,1,0.0312136038267848,0.9480968858131488,4.148434554037793e-05,0.9411764705882352,2021-05-11,Jakarta,21.82415011535321
-2.0807924294950744,1,0.0375639197339605,0.8512110726643599,6.441038014739952e-05,0.9307958477508652,2021-05-18,Jakarta,40.64899066771003
-1.980448135541638,1,0.0312075446626999,0.8304498269896193,5.112962866775891e-05,1.0,2021-05-25,Jakarta,37.87440403449976
-1.989399947861578,1,0.0328412414663729,0.8442906574394463,6.0052274427594005e-05,0.9065743944636678,2021-06-01,Jakarta,18.221283339703312
-2.088472990638423,1,0.0339505342897925,0.7993079584775087,6.058332044838538e-05,0.8996539792387543,2021-06-08,Jakarta,21.296619955047156
-1.6844973112523574,1,0.028459948177145,0.7820069204152249,7.467321689506181e-05,0.6124567474048442,2021-06-15,Jakarta,67.41260859603048
-1.6601515790828956,1,0.0280383945520241,0.6920415224913494,6.348223789579403e-05,0.8754325259515571,2021-06-22,Jakarta,44.685788660656335
-1.312119579229457,1,0.0294876482886516,0.7370242214532872,5.900866432118475e-05,0.9930795847750864,2021-06-29,Jakarta,20.92279694724761
-0.6082701888430623,1,0.0277154147152978,0.8442906574394463,5.3038712876608374e-05,1.0,2021-07-06,Jakarta,12.978221794750292
-0.4436662646374177,1,0.0312613591747706,0.6851211072664359,6.11625400905049e-05,1.0,2021-07-13,Jakarta,5.046385478050497
-0.8225023025065855,1,0.0291775061500872,0.9411764705882352,5.6932432000893394e-05,1.0,2021-07-20,Jakarta,29.884779418929522
-0.6466194925608887,1,0.03173789515674,0.916955017301038,7.239013165244214e-05,1.0,2021-07-27,Jakarta,8.548741886083695
-0.5641011663788752,1,0.0301675069673085,0.9584775086505192,4.572879787266246e-05,0.986159169550173,2021-08-03,Jakarta,60.794931640767864
-0.6900467105940155,1,0.030794344739106,0.8131487889273357,4.6249973793065224e-05,1.0,2021-08-10,Jakarta,33.19195759016203
-0.9004072488767378,1,0.0327880307410072,0.7197231833910035,4.958597168029755e-05,0.9273356401384084,2021-08-17,Jakarta,39.039268829368304
-0.7197950125571114,1,0.0330955800571708,0.8166089965397924,5.719462641162465e-05,0.9896193771626296,2021-08-24,Jakarta,6.006617688381438
-0.7088476257854609,1,0.0327850279851865,0.9065743944636678,5.035538039265637e-05,0.9792387543252596,2021-08-31,Jakarta,36.959731091224114
-0.877780248279549,1,0.0333819873935172,0.9930795847750864,5.78893393082035e-05,0.9965397923875432,2021-09-07,Jakarta,62.09930538366572
-0.6018673441632686,1,0.0292365672030235,1.0,4.9308331268075155e-05,1.0,2021-09-14,Jakarta,54.80730104185919
-0.3667194589944496,1,0.0327810731119579,1.0,4.0979934475564334e-05,0.986159169550173,2021-09-21,Jakarta,37.97038329457297
-0.7114089600458924,1,0.0349953172980765,0.9965397923875432,5.129434940704683e-05,0.9480968858131488,2021-09-28,Jakarta,24.621407529419173
-0.8119897605485544,1,0.0356111451664389,1.0,6.356329249934197e-05,0.9896193771626296,2021-10-05,Jakarta,4.295628986040128
-0.3863784457635246,1,0.0368769623964603,1.0,5.9107928852939715e-05,0.8719723183391004,2021-10-12,Jakarta,48.28273214237567
-0.7735452784823403,1,0.0359443054600626,0.9792387543252596,5.835140056037693e-05,0.9515570934256056,2021-10-19,Jakarta,43.566145840122246
-1.176988131821025,1,0.0328497599166003,0.7370242214532872,5.698062372008466e-05,0.8961937716262975,2021-10-26,Jakarta,107.13384974254005
-0.5851061247838216,1,0.0325639294065954,0.8062283737024222,6.830573104901058e-05,0.9100346020761244,2021-11-02,Jakarta,91.14259024275367
-0.8838018231743145,1,0.0281281563567593,0.7024221453287197,5.28692159484333e-05,0.8131487889273357,2021-11-09,Jakarta,75.4142562127504
-0.9644530919195728,1,0.0265072839704079,0.889273356401384,3.5379679989136655e-05,0.8858131487889274,2021-11-16,Jakarta,69.67172728532312
-0.6608661527367491,1,0.0277206608263652,0.8754325259515571,5.7790832340836595e-05,0.8200692041522492,2021-11-23,Jakarta,68.02770015714142
-0.6950761528067624,1,0.0279860198089772,0.9826989619377162,3.923395652808583e-05,0.9792387543252596,2021-11-30,Jakarta,47.70509916278809
-0.818019170664164,1,0.0289818777184842,0.6920415224913494,4.793058456197915e-05,0.8512110726643599,2021-12-07,Jakarta,45.71994305259104
-0.7799217581090298,1,0.0314481544311271,0.6816608996539792,6.328726983609202e-05,0.9480968858131488,2021-12-14,Jakarta,69.10273992617208
-0.7533443098789758,1,0.030165410422739,0.9584775086505192,5.433578141734871e-05,0.986159169550173,2021-12-21,Jakarta,89.3952324973487
-1.001023336599718,1,0.0299885965233734,0.9100346020761244,4.7476687098812855e-05,0.9134948096885812,2021-12-28,Jakarta,36.9317519706204
-0.9240098346549844,1,0.0292759627822962,0.7785467128027682,4.838839804218577e-05,0.9273356401384084,2022-01-04,Jakarta,47.74255416195919
-0.9148313427248278,1,0.0297977688060782,0.629757785467128,4.2291575881537144e-05,0.4740484429065744,2022-01-11,Jakarta,63.19914685246311
-0.8352652147264773,1,0.0279447844896582,1.0,3.899463580650742e-05,0.9377162629757786,2022-01-18,Jakarta,51.56954867583121
-1.1647947065575777,1,0.0309513073479602,0.9377162629757786,6.000546223646858e-05,0.9377162629757786,2022-01-25,Jakarta,27.128522555555016
-0.4893505880499121,1,0.0317937012608921,0.9896193771626296,4.498183310130507e-05,0.7197231833910035,2022-02-01,Jakarta,58.49962677933366
-0.9935261762047232,1,0.0286722174076378,0.4256055363321799,4.669082044173574e-05,0.4532871972318339,2022-02-08,Jakarta,34.63104436616106
-0.9837292926271464,1,0.0283410395322395,0.7681660899653979,5.571980850959729e-05,0.9238754325259516,2022-02-15,Jakarta,80.85864417216519
-0.5149803420015538,1,0.027060450449105,0.7923875432525952,4.2399680172872125e-05,0.9688581314878892,2022-02-22,Jakarta,55.11547570230499
-0.955286501714199,1,0.0271879748105442,0.944636678200692,4.4511837798143206e-05,0.9515570934256056,2022-03-01,Jakarta,51.61635340960748
-0.857321500180067,1,0.0296210355215425,1.0,5.79882537059552e-05,0.9792387543252596,2022-03-08,Jakarta,77.34558261009188
-0.6411191082006464,1,0.0277184981755187,0.7993079584775087,3.7635659583047856e-05,0.9965397923875432,2022-03-15,Jakarta,50.17352797394403
-0.7822214053890197,1,0.0284446415582617,0.9307958477508652,4.7788796017702434e-05,0.9896193771626296,2022-03-22,Jakarta,34.65992695579538
-1.0068875320436297,1,0.0301309860547071,0.9411764705882352,5.5174138671554366e-05,0.9826989619377162,2022-03-29,Jakarta,41.4642603124478
-0.6445365002431328,1,0.029408185641585,0.7301038062283737,5.1272214244478515e-05,0.9688581314878892,2022-04-05,Jakarta,54.41694038821578
-0.7869445268670171,1,0.0325523708884806,0.9238754325259516,4.906769921790491e-05,0.9792387543252596,2022-04-12,Jakarta,30.26002982539334
-1.0893572922267334,1,0.0348436735204902,0.8719723183391004,5.8140079201917806e-05,0.9896193771626296,2022-04-19,Jakarta,67.96780878481053
-0.7599104949621044,1,0.0271782936879869,0.7093425605536332,4.8021263874618885e-05,0.9550173010380624,2022-04-26,Jakarta,67.5737935954116
-0.5463075236602911,1,0.0293651281135602,0.7335640138408305,3.8932563841537587e-05,0.986159169550173,2022-05-03,Jakarta,14.786495166696065
-0.904353619347268,1,0.029747748733332,0.7508650519031141,5.5818556591372214e-05,0.9826989619377162,2022-05-10,Jakarta,39.951390906292175
-0.8536651004032985,1,0.0318078467099627,0.8788927335640139,5.797281625764181e-05,0.9342560553633218,2022-05-17,Jakarta,48.07473291607994
-0.4258383795330736,1,0.0290416275803849,0.8166089965397924,7.016083683434224e-05,0.9515570934256056,2022-05-24,Jakarta,36.59353421863774
-1.04040011206289,1,0.027837241196499,0.9688581314878892,5.743008040397644e-05,0.9134948096885812,2022-05-31,Jakarta,57.198783753653544
-0.9572350809238912,1,0.0277330156520066,0.8546712802768166,5.046835238543846e-05,0.889273356401384,2022-06-07,Jakarta,54.388224006800456
-0.5466448697087838,1,0.0331344317834971,0.671280276816609,6.78316020978708e-05,0.8477508650519031,2022-06-14,Jakarta,37.671295773923674
-0.8866009849743103,1,0.0309665084238971,0.7854671280276817,6.0361048627468744e-05,0.8477508650519031,2022-06-21,Jakarta,40.59039410170953
-0.6745300275026561,1,0.029952449123395,0.9065743944636678,5.921399569255009e-05,1.0,2022-06-28,Jakarta,10.425507148227915
-0.3550832539868991,1,0.0288908075773858,0.7577854671280276,6.030118720280984e-05,0.9792387543252596,2022-07-05,Jakarta,23.777130151109585
-0.5162768286709218,1,0.0288500866136934,0.9826989619377162,5.985527561183481e-05,0.9307958477508652,2022-07-12,Jakarta,95.47869255690377
-0.673225643997638,1,0.0311164960012024,0.9273356401384084,5.6148400214987295e-05,0.972318339100346,2022-07-19,Jakarta,20.485233393168656
-0.5905057372965247,1,0.030938348672361,0.8719723183391004,5.82363591090335e-05,0.9757785467128028,2022-07-26,Jakarta,3.2757386397014274
-0.774005380625205,1,0.0319228892021348,0.8685121107266436,6.015034022502702e-05,0.9377162629757786,2022-08-02,Jakarta,24.36358674121479
-0.7934365209131369,1,0.0306480431144447,0.7923875432525952,5.285896789736865e-05,0.972318339100346,2022-08-09,Jakarta,34.675095304063866
-0.6680216738786664,1,0.0302671505019214,0.944636678200692,5.243508522174438e-05,0.9757785467128028,2022-08-16,Jakarta,19.634173542314365
-0.751082399043549,1,0.0349205914906517,0.8823529411764706,6.434700847531106e-05,0.9619377162629758,2022-08-23,Jakarta,19.559284575510972
-0.8450018396686605,1,0.0327253471316468,0.9619377162629758,4.923463113535166e-05,0.9515570934256056,2022-08-30,Jakarta,30.648037982772482
-0.7920709167542598,1,0.0308318614003279,0.8373702422145328,4.550761723025817e-05,0.8650519031141869,2022-09-06,Jakarta,103.70553831056758
-0.5129947527808952,1,0.0328362357275158,0.8754325259515571,5.6783638692794e-05,0.9930795847750864,2022-09-13,Jakarta,18.95039172801898
-0.9148421830155054,1,0.0322987422064476,0.9204152249134948,5.09176140449829e-05,0.9930795847750864,2022-09-20,Jakarta,37.06803621569773
-0.6597264475479441,1,0.0324493802492959,0.8235294117647058,5.140509541585405e-05,0.9377162629757786,2022-09-27,Jakarta,38.97437196403444
-0.606375136352938,1,0.0331651564020341,0.6055363321799307,6.229703689067556e-05,0.7197231833910035,2022-10-04,Jakarta,80.8392427433189
-0.7368220838783303,1,0.0323826748657539,0.8062283737024222,5.0518170312833416e-05,0.8131487889273357,2022-10-11,Jakarta,83.72630262992736
-0.8017007934485417,1,0.0307121444207126,0.8235294117647058,4.7404822479577794e-05,0.8858131487889274,2022-10-18,Jakarta,113.59846766020138
-0.364104916072313,1,0.0338917803308305,0.9930795847750864,3.801454750255153e-05,0.9204152249134948,2022-10-25,Jakarta,61.723364426148756
-0.665574672163109,1,0.032430653110083,0.8131487889273357,4.8617171806898846e-05,0.8788927335640139,2022-11-01,Jakarta,66.47554094706119
-0.9268428905433465,1,0.0299800634260631,0.3356401384083045,3.570437016015042e-05,0.5432525951557093,2022-11-08,Jakarta,96.07220148374915
-0.6922189878009274,1,0.027960589357784,0.9480968858131488,3.162382377974397e-05,0.972318339100346,2022-11-15,Jakarta,50.98270952867771
-0.6926254345888241,1,0.0279623665471067,0.7681660899653979,4.5521376141757566e-05,0.7474048442906575,2022-11-22,Jakarta,28.208685456148178
-0.9063714141351832,1,0.0295817731131229,0.9100346020761244,4.827297489498573e-05,0.8408304498269896,2022-11-29,Jakarta,52.302024567021064
-0.7013048000858085,1,0.0246922644342733,0.9134948096885812,3.866244047579941e-05,0.7231833910034602,2022-12-06,Jakarta,79.64644931009776
-0.5014620912821267,1,0.0277223995597006,0.9896193771626296,4.431364392985458e-05,0.9757785467128028,2022-12-13,Jakarta,48.315591036794544
-0.7240506221231083,1,0.0295425926063328,0.8408304498269896,4.976882534657792e-05,0.8442906574394463,2022-12-20,Jakarta,48.02095544716705
-0.9794858385400426,1,0.024138899177729,0.4186851211072664,2.8963402911358645e-05,0.1314878892733564,2022-12-27,Jakarta,90.24752950377456
-0.4319632907355628,1,0.027690502574499,0.8581314878892734,3.5767184281235784e-05,0.9757785467128028,2023-01-03,Jakarta,40.52377073203279
-0.8638696699727918,1,0.0263138480276159,0.7231833910034602,4.138708514149927e-05,0.9757785467128028,2023-01-10,Jakarta,13.243638632666267
-0.9603646168367173,1,0.0277672534738385,0.9134948096885812,3.5856547140351015e-05,0.8166089965397924,2023-01-17,Jakarta,73.82801148260384
-0.4888773821845051,1,0.0265493506033502,0.4878892733564013,3.3190628366973227e-05,0.6643598615916955,2023-01-24,Jakarta,55.50878237233927
-0.7589231860322291,1,0.0280017446399105,0.5640138408304498,3.062293357508593e-05,0.8685121107266436,2023-01-31,Jakarta,24.52553777104908
-0.9384665697279948,1,0.0281641532709592,0.7785467128027682,3.971676157526341e-05,0.6920415224913494,2023-02-07,Jakarta,95.47768258700268
-0.6231070276398473,1,0.0271984117672246,0.8823529411764706,4.081590679018332e-05,0.8685121107266436,2023-02-14,Jakarta,63.1103193125931
-0.5819706139853782,1,0.0291346610333285,0.9930795847750864,3.483339044317365e-05,0.5294117647058824,2023-02-21,Jakarta,110.06555664095825
-0.9482411880379272,1,0.0299774435007409,0.9792387543252596,3.599760817237975e-05,0.7820069204152249,2023-02-28,Jakarta,67.55334346585971
-0.6012072417023366,1,0.0349465571140301,0.9792387543252596,5.661984933266188e-05,0.8996539792387543,2023-03-07,Jakarta,68.6245057742046
-0.5906768583280182,1,0.0352318024336307,0.9965397923875432,5.357401100175152e-05,0.8685121107266436,2023-03-14,Jakarta,53.07249842518352
-0.898352493047366,1,0.0307090577370054,0.9307958477508652,5.006001729478221e-05,0.9204152249134948,2023-03-21,Jakarta,62.861817271968945
-0.7994706838247551,1,0.0272718651478458,0.6262975778546713,4.229676015080999e-05,0.9515570934256056,2023-03-28,Jakarta,33.99683530628729
-0.4779714605588149,1,0.0265978396379508,0.7577854671280276,4.813248681879826e-05,1.0,2023-04-04,Jakarta,4.392456103754165
-0.7400598467085393,1,0.0252131896345861,0.8788927335640139,4.8595051969631945e-05,0.9550173010380624,2023-04-11,Jakarta,30.095414743545287
-0.8635497516254298,1,0.030927968497158,0.7474048442906575,4.0686195654729915e-05,0.9757785467128028,2023-04-18,Jakarta,51.3157490621191
-0.5633141197930421,1,0.0319423395512678,0.7993079584775087,5.323289083627016e-05,0.8927335640138409,2023-04-25,Jakarta,48.07858431395571
-0.8015018004181684,1,0.0337965057733059,0.8131487889273357,6.263938968823117e-05,0.9273356401384084,2023-05-02,Jakarta,70.30124229216952
-0.7401984090711504,1,0.0295320278231987,0.7577854671280276,4.925889874560442e-05,0.9965397923875432,2023-05-09,Jakarta,18.62303194722793
-0.5945223587073075,1,0.0325727828289401,0.8615916955017301,6.410826779076367e-05,0.8927335640138409,2023-05-16,Jakarta,16.06954571920714
-0.7016573913036761,1,0.0348978923404085,0.944636678200692,6.733926163126282e-05,0.9896193771626296,2023-05-23,Jakarta,15.404042889593104
-0.6757829853183948,1,0.0348914077054645,0.7854671280276817,6.28184456463126e-05,0.9273356401384084,2023-05-30,Jakarta,9.167610311616517
-0.4959878015499429,1,0.0315222103566295,0.7474048442906575,5.369041489207961e-05,0.986159169550173,2023-06-06,Jakarta,14.749284746992778
-0.7550652689067084,1,0.0291212423341625,0.8719723183391004,4.8853221801508205e-05,0.9273356401384084,2023-06-13,Jakarta,45.90977310856846
-0.8387277976640245,1,0.0336520928045425,0.71280276816609,6.61128111162325e-05,0.9757785467128028,2023-06-20,Jakarta,17.905230878558964
-0.6897952116505882,1,0.0324403113061558,0.8546712802768166,6.019103239316312e-05,0.944636678200692,2023-06-27,Jakarta,18.35009904555201
-0.8508144461786028,1,0.0293382282719446,0.8719723183391004,4.911390306491786e-05,0.9307958477508652,2023-07-04,Jakarta,52.90451936191253
-0.7824134404569691,1,0.0299025304977895,0.7785467128027682,6.470710079923834e-05,0.9896193771626296,2023-07-11,Jakarta,10.079480681985554
-0.4794630106245539,1,0.0326126857193787,0.7439446366782007,6.0128342243587234e-05,1.0,2023-07-18,Jakarta,6.380709989379432
-0.603586870504063,1,0.0342691733057869,0.972318339100346,5.720490546656148e-05,0.9688581314878892,2023-07-25,Jakarta,8.418544273093657
-0.7767640040360306,1,0.0309695270523807,0.9896193771626296,5.2244241459886634e-05,1.0,2023-08-01,Jakarta,8.618148518654959
-0.6141611809878401,1,0.0339838754263364,0.7612456747404844,6.293896897063681e-05,0.9826989619377162,2023-08-08,Jakarta,3.2676274571712733
-0.5073088053005005,1,0.034375005428154,0.8650519031141869,5.9689998781063704e-05,0.9930795847750864,2023-08-15,Jakarta,2.5102346205280406
-0.8175799771232606,1,0.0357525552228303,1.0,6.292972388568965e-05,0.9688581314878892,2023-08-22,Jakarta,7.606854629802691
-0.6127642131454196,1,0.0382233281578771,0.726643598615917,6.656149805503266e-05,1.0,2023-08-29,Jakarta,3.231607620492265
-0.4546886067917254,1,0.0383384126916778,0.9930795847750864,6.023584879959344e-05,0.9930795847750864,2023-09-05,Jakarta,3.3864282902166893
-0.5342676301131094,1,0.0364051467081768,0.9896193771626296,5.275312929395518e-05,0.9930795847750864,2023-09-12,Jakarta,4.091442449339414
-0.4927692645844576,1,0.0370824094673274,1.0,6.223104218399918e-05,1.0,2023-09-19,Jakarta,9.753020329341421
-0.1015663215769274,1,0.0398368829469271,0.9896193771626296,6.018966082244559e-05,1.0,2023-09-26,Jakarta,1.0594212923226056
-0.3667014970274245,1,0.0409846671787928,0.9377162629757786,5.493091154447268e-05,0.9965397923875432,2023-10-03,Jakarta,8.246495669931834
-0.3781816358834858,1,0.0457613885827234,1.0,5.690071825031243e-05,0.9965397923875432,2023-10-10,Jakarta,15.879081399641123
-0.2746693110347156,1,0.0465998394781683,0.9515570934256056,5.096955543526981e-05,1.0,2023-10-17,Jakarta,20.01278655794402
-0.1634135190944382,1,0.0511213539081343,0.9377162629757786,6.387113017140512e-05,1.0,2023-10-24,Jakarta,20.69462333808002
-0.5820051597354586,1,0.0455300317195262,0.9930795847750864,6.375145495645304e-05,0.9377162629757786,2023-10-31,Jakarta,44.51621991831575
-0.2678712267703677,1,0.0461720045310884,0.889273356401384,6.958212169531099e-05,0.9480968858131488,2023-11-07,Jakarta,29.23659948171908
-0.4681160717155468,1,0.0405374247711307,0.9100346020761244,5.977084826822585e-05,0.9653979238754326,2023-11-14,Jakarta,37.96464205610185
-1.049893265151056,1,0.0393289752275344,0.8961937716262975,5.4105442460201633e-05,0.916955017301038,2023-11-21,Jakarta,90.26500360717694
-0.996128123005728,1,0.0361765515573757,0.9584775086505192,5.186729098370582e-05,0.9619377162629758,2023-11-28,Jakarta,84.54173507508617
-0.5876224957827058,1,0.0352869903930706,0.7162629757785467,6.174663501732113e-05,0.9619377162629758,2023-12-05,Jakarta,47.17839430646959
-0.7783034302130366,1,0.0353624594546978,0.9965397923875432,6.191681574261166e-05,0.9792387543252596,2023-12-12,Jakarta,7.460978890381798
-0.876977175520211,1,0.0358504207282009,0.986159169550173,5.731199660564351e-05,1.0,2023-12-19,Jakarta,41.35108549679702
-0.6749102585276835,1,0.0353685439377614,0.9896193771626296,5.0788846599246486e-05,0.7958477508650519,2023-12-26,Jakarta,80.31352343598371
-0.7372305085165095,1,0.0322173095452991,0.7058823529411765,5.214678776579979e-05,0.643598615916955,2024-01-02,Jakarta,131.63547541966452
-1.062221575389453,1,0.0306777858274469,0.5951557093425606,4.68613600649372e-05,0.8685121107266436,2024-01-09,Jakarta,47.786160512099904
-0.4232069936554156,1,0.0286193019246036,0.8027681660899654,2.9031347465846392e-05,0.986159169550173,2024-01-16,Jakarta,46.37027000917933
-0.7292168033756586,1,0.0289448307757707,0.9515570934256056,4.007523990119413e-05,0.9377162629757786,2024-01-23,Jakarta,52.026607566718276
-0.9599879768019712,1,0.0320023351546988,0.8719723183391004,4.309658967474207e-05,0.8235294117647058,2024-01-30,Jakarta,109.14765222224409
-0.807384834411589,1,0.0295506707704617,0.9377162629757786,4.300253738302641e-05,0.9550173010380624,2024-02-06,Jakarta,42.899838221498044
-0.7660568838403978,1,0.0340210395737458,0.7716262975778547,4.493538414042529e-05,0.7993079584775087,2024-02-13,Jakarta,107.17710257658311
-0.7234320602601904,1,0.0312475865794613,1.0,4.634771444568218e-05,0.972318339100346,2024-02-20,Jakarta,68.55392173454452
-0.778990284573238,1,0.030267994871424,0.9930795847750864,4.133659001421323e-05,0.726643598615917,2024-02-27,Jakarta,112.45956784416141
-0.7495600044974127,1,0.0284547782327915,0.5190311418685121,4.430382512701571e-05,0.7162629757785467,2024-03-05,Jakarta,79.62061610723337
-0.7697031504113664,1,0.0269168203378983,1.0,3.4021831641669685e-05,0.5224913494809689,2024-03-12,Jakarta,51.4014780079276
-0.7117814581278947,1,0.0301207022752266,0.9653979238754326,3.428497812549143e-05,1.0,2024-03-19,Jakarta,23.528475042808104
-0.5696913948700913,1,0.034614738855877,0.8235294117647058,4.8503788836922086e-05,0.8961937716262975,2024-03-26,Jakarta,73.42088238092212
-0.9634981376110208,1,0.0308759497221598,0.9792387543252596,5.219225422301658e-05,0.9653979238754326,2024-04-02,Jakarta,61.90917988938257
-0.9933597657549668,1,0.0316653006292718,0.740484429065744,4.4992552655881005e-05,0.916955017301038,2024-04-09,Jakarta,66.83034854613327
-0.767330436440384,1,0.0310203028165724,0.7612456747404844,5.2464377960963984e-05,0.9411764705882352,2024-04-16,Jakarta,60.90228834084782
-0.70873927739272,1,0.0302671354811738,0.6955017301038062,4.828540847087355e-05,0.9377162629757786,2024-04-23,Jakarta,77.04518583868165
-0.9273825398753104,1,0.0342603190959169,0.8096885813148789,5.474196807304953e-05,0.986159169550173,2024-04-30,Jakarta,19.97202763435232
-0.6562771951644651,1,0.0323558607137307,0.7750865051903114,4.845086079229563e-05,0.986159169550173,2024-05-07,Jakarta,13.912828357891435
-0.7377400274715641,1,0.037325894238742,0.7993079584775087,5.126857527972135e-05,0.9896193771626296,2024-05-14,Jakarta,20.110911714901963
-0.8675095413397874,1,0.0376283077021725,0.7716262975778547,5.693852254839283e-05,0.9480968858131488,2024-05-21,Jakarta,70.95945868415687
-0.6401805432590663,1,0.0356625358495248,0.698961937716263,5.826709725312924e-05,0.9273356401384084,2024-05-28,Jakarta,39.44572406191002
-0.8252931033254843,1,0.032599353048005,0.8477508650519031,5.575042261789826e-05,0.9965397923875432,2024-06-04,Jakarta,11.204285940095202
-1.0631236675105635,1,0.0330064201317773,0.8235294117647058,4.8781867374969286e-05,0.9930795847750864,2024-06-11,Jakarta,41.59647537363988
-0.7723971188583056,1,0.033600586272947,0.7993079584775087,5.836569052970903e-05,0.9965397923875432,2024-06-18,Jakarta,5.7711188924842975
-0.7235601402692464,1,0.0296316236574523,0.9757785467128028,4.530407083344994e-05,0.9480968858131488,2024-06-25,Jakarta,48.77522534839786
-0.8634635078700659,1,0.0305453077753708,0.7854671280276817,5.520714485042146e-05,0.972318339100346,2024-07-02,Jakarta,121.37511503424157
-0.7352137185561912,1,0.0330356311985987,0.8200692041522492,6.114748546884495e-05,0.9965397923875432,2024-07-09,Jakarta,8.281883156741126
-0.6492305319378782,1,0.0324278832445099,0.8408304498269896,5.0920109584449866e-05,0.9619377162629758,2024-07-16,Jakarta,1.8810296959600104
-0.8540558208118427,1,0.0329090578540643,0.9273356401384084,5.463014889066434e-05,0.9792387543252596,2024-07-23,Jakarta,6.487540235627673
-0.7121689553756281,1,0.0336537786757362,0.8304498269896193,5.326203399859423e-05,0.9896193771626296,2024-07-30,Jakarta,25.469673744727906
-0.5047866130137312,1,0.0323344075288178,0.9411764705882352,5.455656548986394e-05,0.9688581314878892,2024-08-06,Jakarta,4.956350473601033
-0.6134036829836071,1,0.0361572817961069,0.7024221453287197,6.198148093256344e-05,1.0,2024-08-13,Jakarta,2.1029131713061586
-0.6684913247727043,1,0.0356335353346865,0.7612456747404844,5.2938091592408646e-05,0.986159169550173,2024-08-20,Jakarta,3.793245967489951
-0.573091283885547,1,0.0333672147222405,0.9965397923875432,6.494686724674901e-05,0.9653979238754326,2024-08-27,Jakarta,5.417070994661674
-0.679877906014816,1,0.0328472889994919,0.986159169550173,4.9772938315867425e-05,0.9965397923875432,2024-09-03,Jakarta,28.48989732985137
-0.8158631647574831,1,0.0403319826985648,0.9930795847750864,6.357082391290747e-05,0.986159169550173,2024-09-10,Jakarta,31.10453749442011
-0.4763033716089314,1,0.0415431600016733,0.8269896193771626,7.179912974214763e-05,1.0,2024-09-17,Jakarta,6.714100842902273
-0.5906379566636079,1,0.0396918170960424,0.8719723183391004,5.395615179058295e-05,0.9238754325259516,2024-09-24,Jakarta,41.856266624889855
-0.7510906479518099,1,0.0417494685151398,0.9930795847750864,5.0975682387530514e-05,0.9792387543252596,2024-10-01,Jakarta,22.523339181042513
-0.8722180103390611,1,0.0415006994382361,0.7058823529411765,4.807895322477911e-05,0.9204152249134948,2024-10-08,Jakarta,23.67369418800333
-0.3793444594137483,1,0.0444953868827125,0.9826989619377162,5.500535714298285e-05,1.0,2024-10-15,Jakarta,9.47208985799733
-0.9108285972560364,1,0.0432521536698407,0.986159169550173,6.125791957566278e-05,0.9757785467128028,2024-10-22,Jakarta,15.902742769644766
-0.6573743375010207,1,0.0443703232122148,0.889273356401384,5.9137497199743155e-05,0.9342560553633218,2024-10-29,Jakarta,67.19727749646107
-0.6363607302673411,1,0.0423261763570086,0.9965397923875432,5.53388258539046e-05,0.9411764705882352,2024-11-05,Jakarta,93.121524540238
-0.8970888749519021,1,0.0349833326373422,0.9965397923875432,4.068417300130393e-05,0.8961937716262975,2024-11-12,Jakarta,86.73679071053358
-1.1905207526619792,1,0.0339448683337386,0.6608996539792388,4.889528902656087e-05,0.8096885813148789,2024-11-19,Jakarta,98.54440020138836
-0.5721600053005557,1,0.0336463429013509,0.3183391003460207,5.165250103652102e-05,0.7820069204152249,2024-11-26,Jakarta,82.18976726238655
-0.6718282700766746,1,0.0292153768134831,0.3633217993079585,5.223086021701008e-05,0.5397923875432526,2024-12-03,Jakarta,127.73019012880034
-0.8146370863631439,1,0.0263896507291821,0.5916955017301038,4.279582900151011e-05,0.5363321799307958,2024-12-10,Jakarta,60.134490451070874
-0.7811611531626905,1,0.0260101384023838,0.6055363321799307,4.450367861620689e-05,0.4636678200692041,2024-12-17,Jakarta,88.2138130572628
-0.6246304184660422,1,0.0279730543857776,0.6089965397923875,4.659199890169224e-05,0.9688581314878892,2024-12-24,Jakarta,23.965075703078934
-0.9656041429125078,1,0.0276034706791048,0.8754325259515571,4.813339946587724e-05,0.9515570934256056,2024-12-31,Jakarta,33.93535158493606
-0.8176058048867753,1,0.0306316167324333,0.9653979238754326,4.5449790246213815e-05,0.8788927335640139,2025-01-07,Jakarta,116.08628588352046
-0.8692102452898278,1,0.0304830793404821,0.6643598615916955,3.7586155501996576e-05,0.6816608996539792,2025-01-14,Jakarta,109.51763088685188
-1.0128109193582948,1,0.0280383676697461,0.7197231833910035,3.624863834446875e-05,0.4844290657439446,2025-01-21,Jakarta,75.28341642152715
-0.856184539345846,1,0.0303115395840779,0.7923875432525952,2.3102973580905656e-05,0.3114186851211072,2025-01-28,Jakarta,57.57168808956559
-0.6753056600794382,1,0.031558995374895,0.9757785467128028,3.578540724759531e-05,0.7024221453287197,2025-02-04,Jakarta,50.227117333057755
-0.7516185682075268,1,0.0318357082119778,0.9653979238754326,4.3712830767925e-05,0.972318339100346,2025-02-11,Jakarta,50.9805391739375
-1.122147700931932,1,0.0319445870708216,0.6262975778546713,4.185369711161299e-05,0.8131487889273357,2025-02-18,Jakarta,93.59970871654657
-0.6233766038386992,1,0.0341007210603495,1.0,4.8091636997130307e-05,0.7750865051903114,2025-02-25,Jakarta,117.64975866104355
-0.8658058947442744,1,0.031384635117668,0.9965397923875432,4.47176495872246e-05,0.8581314878892734,2025-03-04,Jakarta,85.62884633213326
-1.0523296108119058,1,0.0273400090659553,0.8685121107266436,4.478055793674351e-05,0.6643598615916955,2025-03-11,Jakarta,106.1738488512526
-0.5555269275976793,1,0.0282411633797123,0.7439446366782007,3.829142086410472e-05,0.9204152249134948,2025-03-18,Jakarta,27.487161013479803
-0.8560377046050215,1,0.0266020512642155,0.8546712802768166,3.066421049389679e-05,0.8823529411764706,2025-03-25,Jakarta,33.23588460910574
-0.9275229818790104,1,0.0287181909141428,0.8788927335640139,5.026449288378705e-05,0.8685121107266436,2025-04-01,Jakarta,104.83754925438595
-0.7758177511164693,1,0.0285690754776715,0.972318339100346,4.277252078403875e-05,0.7820069204152249,2025-04-08,Jakarta,66.48818340646437
-0.8932944534488405,1,0.029474347091667,0.8719723183391004,5.682817449071593e-05,0.9204152249134948,2025-04-15,Jakarta,70.67969056189351
-1.0767000802231332,1,0.0284432596032171,0.8615916955017301,5.913975072626632e-05,0.9688581314878892,2025-04-22,Jakarta,42.570933488142146
-0.8500786367246267,1,0.0316325795709454,0.8858131487889274,5.053596392869949e-05,0.9757785467128028,2025-04-29,Jakarta,38.144051644537285
-0.9381331069831452,1,0.0302994315116088,0.7854671280276817,5.346364899481915e-05,0.8788927335640139,2025-05-06,Jakarta,33.59887066007013
-1.000863276653715,1,0.0313743815623836,0.7508650519031141,6.244984623314616e-05,0.9619377162629758,2025-05-13,Jakarta,53.629436158617494
-0.678374253980107,1,0.0299144556753321,0.903114186851211,5.500895902121296e-05,0.6678200692041523,2025-05-20,Jakarta,93.54112718471373
-0.7680190651579454,1,0.0298186487151356,0.7508650519031141,5.1583757829672385e-05,1.0,2025-05-27,Jakarta,5.06893796322059
-0.9345087883467544,1,0.0320615919490681,0.7439446366782007,5.778255080811308e-05,0.9826989619377162,2025-06-03,Jakarta,29.102583837233922
-0.8569934053146885,1,0.0291542065292659,0.9584775086505192,5.000148899823499e-05,0.9757785467128028,2025-06-10,Jakarta,22.323092147658773
-0.6805631564409494,1,0.0301749623181825,0.8615916955017301,4.534983052306979e-05,0.8685121107266436,2025-06-17,Jakarta,135.78903176253795
-0.8893085158304427,1,0.0298557141880962,0.8615916955017301,5.214070290970185e-05,0.9550173010380624,2025-06-24,Jakarta,28.296161309399928
-0.9096511448240344,1,0.0286347916685957,0.9377162629757786,4.812644233385195e-05,0.8754325259515571,2025-07-01,Jakarta,41.312266256623154
-0.7209348068061255,1,0.0305517314588336,0.9688581314878892,5.236976254343908e-05,0.986159169550173,2025-07-08,Jakarta,8.966743229982095
-0.9281388020760514,1,0.0306062567534888,0.7716262975778547,5.903461381339814e-05,0.972318339100346,2025-07-15,Jakarta,11.508469667997103
-0.8496079772428796,1,0.0302390095051683,0.986159169550173,4.476311271046814e-05,0.9584775086505192,2025-07-22,Jakarta,9.487313039813106
-0.7310419546357585,1,0.0298002958513798,0.9688581314878892,4.381741669520551e-05,0.9584775086505192,2025-07-29,Jakarta,19.80868067796194
-0.9219799525623548,1,0.0340495392747603,0.754325259515571,4.817109077324883e-05,0.8858131487889274,2025-08-05,Jakarta,36.408011614006426
-1.097731159760695,1,0.0327304357663916,0.8961937716262975,4.399200844966974e-05,0.9515570934256056,2025-08-12,Jakarta,48.63096089654338
-0.8090573362235564,1,0.0315356505880927,0.7958477508650519,5.337020766733075e-05,0.9515570934256056,2025-08-19,Jakarta,44.88167903590603
-0.8643373185148752,1,0.0312158075764156,0.7785467128027682,6.035780932490721e-05,0.9930795847750864,2025-08-26,Jakarta,23.437899860592474
-0.834050859150125,1,0.0314383532642828,0.9965397923875432,4.67162963133336e-05,0.9930795847750864,2025-09-02,Jakarta,18.706219477439
-0.9315075612227092,1,0.0322749161372509,1.0,4.875014255732698e-05,0.9100346020761244,2025-09-09,Jakarta,54.883491851303326
-0.7539251687976205,1,0.0323546459561579,0.8339100346020761,4.575261425105022e-05,0.889273356401384,2025-09-16,Jakarta,57.89147415882094
-0.7912547509450846,1,0.0359257611091802,0.8373702422145328,5.3923035251176095e-05,0.9930795847750864,2025-09-23,Jakarta,41.980009674818845
-1.0462864562956058,1,0.0342196609749031,1.0,5.4219848508631105e-05,0.9515570934256056,2025-09-30,Jakarta,48.90626737375505
-0.2437209333310976,1,0.0377546842416683,0.9550173010380624,5.2099026067475256e-05,1.0,2025-10-07,Jakarta,31.243553837873385
-0.786240899658157,1,0.0304922307258946,0.986159169550173,4.803436928957948e-05,0.972318339100346,2025-10-14,Jakarta,50.334304328623055
-1.0142579556014033,1,0.0324279456569586,0.8823529411764706,6.921262083437313e-05,0.370242214532872,2025-10-21,Jakarta,106.13506268660517
-0.5092429845953244,1,0.0302488296816515,0.944636678200692,5.4221220255365455e-05,0.6470588235294118,2025-10-28,Jakarta,96.3657101991452
-0.8623022697841687,1,0.0277236513942311,0.8062283737024222,4.14199963766665e-05,0.9377162629757786,2025-11-04,Jakarta,53.893224338732296
-0.8991658416502084,1,0.0269826110856627,0.8581314878892734,3.834542184397357e-05,0.8408304498269896,2025-11-11,Jakarta,81.47861737918589
-0.7768216399292913,1,0.0262819735911938,0.6193771626297578,4.052815414420253e-05,0.9584775086505192,2025-11-18,Jakarta,64.24575989861121
-0.554205130197569,1,0.028074336531354,0.8685121107266436,6.126918446630196e-05,0.889273356401384,2025-11-25,Jakarta,22.07129161231897
-0.8818238818355957,1,0.0307064426988563,0.916955017301038,5.6003483228433314e-05,0.7647058823529411,2025-12-02,Jakarta,74.40352757445523
-0.5650043100266328,1,0.0306350454800255,0.6608996539792388,6.035236129481173e-05,0.8408304498269896,2025-12-09,Jakarta,37.78223586233051
-0.6106268223549838,1,0.0257146795639509,0.8269896193771626,4.798020325414483e-05,0.6228373702422145,2025-12-16,Jakarta,74.10655704620939
-0.6781141147331842,1,0.028673671836837,0.7681660899653979,5.418146407299148e-05,0.9307958477508652,2025-12-23,Jakarta,42.06498779729241
-0.7427577536462897,1,0.0242585736500996,0.5363321799307958,3.6151127788015385e-05,0.2802768166089965,2025-12-30,Jakarta,79.69033476257826
-0.6133548526695478,1,0.0284527699180522,0.6193771626297578,7.119526437157013e-05,0.671280276816609,2026-01-06,Jakarta,50.16458738109359
-0.6938041084464464,1,0.0274055822948581,0.6332179930795848,4.412043817158902e-05,0.4013840830449827,2026-01-13,Jakarta,74.630994707425
-0.884548912795008,1,0.0283089691474438,0.9930795847750864,3.0935973589255576e-05,0.5778546712802768,2026-01-20,Jakarta,119.12779819109562
-0.3872489524926953,1,0.0297640319183359,0.9930795847750864,4.0894026139749435e-05,0.314878892733564,2026-01-27,Jakarta,71.52347229509108
-0.6608312856294684,1,0.029395420224788,0.9792387543252596,4.48653618459368e-05,0.7024221453287197,2026-02-03,Jakarta,53.33443697938187
-0.8777276903193,1,0.0303371511403072,0.8062283737024222,4.627594165806173e-05,0.5501730103806228,2026-02-10,Jakarta,72.21242077622908
-0.4555303897733725,1,0.0275498982520734,0.5190311418685121,4.2676188724880974e-05,0.4740484429065744,2026-02-17,Jakarta,80.65766418765124
-0.6886871702399479,1,0.0276586178445845,0.8754325259515571,4.167006500566436e-05,0.7889273356401384,2026-02-24,Jakarta,29.673468587201484
-0.7554733832275426,1,0.0269783875624963,0.8096885813148789,5.101362297277791e-05,0.7058823529411765,2026-03-03,Jakarta,93.5466140631903
-0.3824291914979168,1,0.0294966104608627,1.0,4.88043255457012e-05,1.0,2026-03-10,Jakarta,10.169535290607064
-0.4207515074936711,1,0.03074000592675,0.9930795847750864,5.413903161205001e-05,0.9896193771626296,2026-03-17,Jakarta,26.7865333822564
-0.8201632696666398,1,0.0282537601015738,0.9965397923875432,6.24046500914984e-05,0.916955017301038,2026-03-24,Jakarta,73.56591592058037
-0.4849007164921068,1,0.032234388914004,0.9238754325259516,5.210350338648344e-05,0.916955017301038,2026-03-31,Jakarta,60.25242311412001
-0.6270830822895376,1,0.0291419775157439,0.7508650519031141,5.223551058433377e-05,0.9653979238754326,2026-04-07,Jakarta,52.51448324410939
-0.718064325063414,1,0.0305103871563374,0.9411764705882352,4.8613013789156256e-05,0.8927335640138409,2026-04-14,Jakarta,55.821539700780704
-0.369680459526262,1,0.0299795283059368,0.7785467128027682,5.312907530931628e-05,0.986159169550173,2026-04-21,Jakarta,41.98877438333051
-0.5102530571682422,1,0.0300660142693775,0.7647058823529411,5.412282293221299e-05,0.9792387543252596,2026-04-28,Jakarta,54.01431856725826
-0.5941245745532736,1,0.0299006862297434,0.8477508650519031,5.58284697866624e-05,0.9550173010380624,2026-05-05,Jakarta,19.515422894187505
-0.5953797153556485,1,0.0302749262969587,0.71280276816609,6.067775236958958e-05,0.8996539792387543,2026-05-12,Jakarta,25.46484050872389
-0.512819941676917,1,0.0312790869850321,0.7647058823529411,7.697015091810751e-05,0.9377162629757786,2026-05-19,Jakarta,67.84885543890785
-0.6980900584948624,1,0.0328138747076554,0.8754325259515571,8.0213865611019e-05,0.9965397923875432,2026-05-26,Jakarta,7.941966945403294
-0.5100559644659418,1,0.0318146577197682,0.9342560553633218,6.252175165397194e-05,1.0,2026-06-02,Jakarta,3.323944020026077
-0.556826384920292,1,0.0348847157640833,0.8235294117647058,7.512345222265255e-05,0.9896193771626296,2026-06-09,Jakarta,5.353084191140487
-0.5636443776394571,1,0.0347897239306172,0.9307958477508652,5.954100048138493e-05,1.0,2026-06-16,Jakarta,9.195540770594297
-0.5831311727097417,1,0.0322601638264357,0.944636678200692,5.34404257837461e-05,0.8927335640138409,2026-06-23,Jakarta,7.118824686244125
-0.4488915636899125,1,0.0336275478656944,0.7854671280276817,6.034904461514387e-05,0.986159169550173,2026-06-30,Jakarta,1.2770082851134592
-0.3482915054642367,1,0.0351775754342041,0.9134948096885812,7.429792725452273e-05,1.0,2026-07-07,Jakarta,0.9532259612743452
-0.5863948155366564,1,0.0344693402079041,0.7854671280276817,5.369644338764796e-05,0.9653979238754326,2026-07-14,Jakarta,1.5179032092238358
-0.2292239787690807,1,0.0367380622406969,0.9273356401384084,7.138785940253628e-05,1.0,2026-07-21,Jakarta,1.3282001082111652
-0.4995303287378172,1,0.0347580842860516,0.8200692041522492,4.860935888484179e-05,0.8961937716262975,2026-07-28,Jakarta,4.39782226364801
-0.5617283523402745,1,0.0365325976999199,0.8408304498269896,5.5556645575520045e-05,0.9965397923875432,2026-08-04,Jakarta,3.6058774323102694
-0.4765862177208076,1,0.036046989718252,0.7577854671280276,5.995446729936006e-05,0.9826989619377162,2026-08-11,Jakarta,2.9435034316440243
-0.5133193126278329,1,0.0353490133426234,0.9273356401384084,6.0251666828046424e-05,0.9688581314878892,2026-08-18,Jakarta,7.673444368845977
-0.5792783020691371,1,0.0382135641287738,0.986159169550173,6.380716333926629e-05,0.9930795847750864,2026-08-25,Jakarta,2.788454358323044
